stazione;yy;mese;giorno*;Pioggiamm;Temp. min°C;Temp. med°C;Temp. max°C;Umidità min%;Umidità med%;Umidità max%;Vento medkm/h;Vento maxkm/h;Dir. V. max°N;Radiaz.KJ/m2;Press. medhPa
Cervignano - Scodovacca;2020;1;1;0;-0.7;4.6;13.2;32;63;78;-;-;-;-;-
Cervignano - Scodovacca;2020;1;2;0;-0.8;3.7;12.7;38;73;97;-;-;-;-;-
Cervignano - Scodovacca;2020;1;3;0;-2.1;2.6;10.4;61;86;99;-;-;-;-;-
Cervignano - Scodovacca;2020;1;4;0;-1.9;2.8;10.5;46;84;99;-;-;-;-;-
Cervignano - Scodovacca;2020;1;5;0;-1.2;5;13.8;22;66;92;-;-;-;-;-
Cervignano - Scodovacca;2020;1;6;0;-2.1;2.8;10.1;28;58;87;-;-;-;-;-
Cervignano - Scodovacca;2020;1;7;0.2;-3.3;1;5.2;56;76;86;-;-;-;-;-
Cervignano - Scodovacca;2020;1;8;0;-2.5;4.2;12.7;25;59;83;-;-;-;-;-
Cervignano - Scodovacca;2020;1;9;0;0.3;4.8;12.2;45;75;99;-;-;-;-;-
Cervignano - Scodovacca;2020;1;10;0;-1;3;7.9;69;92;100;-;-;-;-;-
Cervignano - Scodovacca;2020;1;11;0.2;-1;6.4;16.5;23;69;100;-;-;-;-;-
Cervignano - Scodovacca;2020;1;12;0;-1.6;3.5;11;35;75;94;-;-;-;-;-
Cervignano - Scodovacca;2020;1;13;0;-0.9;3.9;11.2;41;74;96;-;-;-;-;-
Cervignano - Scodovacca;2020;1;14;0;-2.4;1.9;8.8;61;93;100;-;-;-;-;-
Cervignano - Scodovacca;2020;1;15;0.2;-1;3.6;7.8;78;92;100;-;-;-;-;-
Cervignano - Scodovacca;2020;1;16;0;0.3;5.4;12.1;59;84;100;-;-;-;-;-
Cervignano - Scodovacca;2020;1;17;0;0.4;5.5;13.2;47;85;100;-;-;-;-;-
Cervignano - Scodovacca;2020;1;18;1.6;2.3;5.4;8.3;79;95;100;-;-;-;-;-
Cervignano - Scodovacca;2020;1;19;0.2;1.8;5.9;11.5;33;69;100;-;-;-;-;-
Cervignano - Scodovacca;2020;1;20;0;-0.8;4.3;11.2;22;57;82;-;-;-;-;-
Cervignano - Scodovacca;2020;1;21;0;-2.9;2.3;10.2;34;69;93;-;-;-;-;-
Cervignano - Scodovacca;2020;1;22;0;-2.1;2.3;10.1;27;75;90;-;-;-;-;-
Cervignano - Scodovacca;2020;1;23;0;-2.5;3.4;11.7;30;63;90;-;-;-;-;-
Cervignano - Scodovacca;2020;1;24;0;-2.1;3.3;12;36;73;90;-;-;-;-;-
Cervignano - Scodovacca;2020;1;25;2.8;1.4;6.4;10.7;76;86;97;-;-;-;-;-
Cervignano - Scodovacca;2020;1;26;2.6;6.7;8.2;9.7;97;100;100;-;-;-;-;-
Cervignano - Scodovacca;2020;1;27;0.2;6.8;8.1;11.4;79;97;100;-;-;-;-;-
Cervignano - Scodovacca;2020;1;28;5;5.8;8.3;11.3;90;99;100;-;-;-;-;-
Cervignano - Scodovacca;2020;1;29;0.2;3.2;6.8;12.3;58;95;100;-;-;-;-;-
Cervignano - Scodovacca;2020;1;30;0;0.7;6.9;13.4;47;84;100;-;-;-;-;-
Cervignano - Scodovacca;2020;1;31;0;1;5.6;11.5;67;93;100;-;-;-;-;-
Cervignano - Scodovacca;2020;2;1;0;5.1;7.6;10.1;80;95;100;-;-;-;-;-
Cervignano - Scodovacca;2020;2;2;0;3;7.5;10.4;87;97;100;-;-;-;-;-
Cervignano - Scodovacca;2020;2;3;0;3.4;8;10.3;96;100;100;-;-;-;-;-
Cervignano - Scodovacca;2020;2;4;3;4.1;8.5;11.9;22;74;100;-;-;-;-;-
Cervignano - Scodovacca;2020;2;5;0;0;6.4;13.4;13;35;76;-;-;-;-;-
Cervignano - Scodovacca;2020;2;6;0;-2.5;3.8;12.1;13;53;85;-;-;-;-;-
Cervignano - Scodovacca;2020;2;7;0;-1.4;4.2;13.1;17;65;90;-;-;-;-;-
Cervignano - Scodovacca;2020;2;8;0;-1.1;4.5;12.9;32;68;97;-;-;-;-;-
Cervignano - Scodovacca;2020;2;9;0;-0.5;5.5;12;49;80;97;-;-;-;-;-
Cervignano - Scodovacca;2020;2;10;0.6;5.6;7;8.2;82;97;100;-;-;-;-;-
Cervignano - Scodovacca;2020;2;11;0;3.8;7.7;12.6;71;93;100;-;-;-;-;-
Cervignano - Scodovacca;2020;2;12;0.2;0.8;6.5;15.7;22;75;100;-;-;-;-;-
Cervignano - Scodovacca;2020;2;13;1.4;0.6;7.4;14.8;31;78;100;-;-;-;-;-
Cervignano - Scodovacca;2020;2;14;4.4;3;7.9;14.3;50;86;100;-;-;-;-;-
Cervignano - Scodovacca;2020;2;15;0;1.5;7.4;16.5;30;71;98;-;-;-;-;-
Cervignano - Scodovacca;2020;2;16;0;1.1;7.1;15.4;28;77;100;-;-;-;-;-
Cervignano - Scodovacca;2020;2;17;0;5.3;8.1;10.7;80;91;95;-;-;-;-;-
Cervignano - Scodovacca;2020;2;18;0;4.5;9.9;15.4;67;90;100;-;-;-;-;-
Cervignano - Scodovacca;2020;2;19;0;3.1;8.7;14.9;31;71;100;-;-;-;-;-
Cervignano - Scodovacca;2020;2;20;0;-0.3;5.6;13.3;17;57;86;-;-;-;-;-
Cervignano - Scodovacca;2020;2;21;0;-0.7;5.9;14.5;26;62;84;-;-;-;-;-
Cervignano - Scodovacca;2020;2;22;0;0.9;7.3;14.6;20;61;91;-;-;-;-;-
Cervignano - Scodovacca;2020;2;23;0;2;6.6;12.4;65;89;100;-;-;-;-;-
Cervignano - Scodovacca;2020;2;24;0;6.4;11.4;17.2;49;81;100;-;-;-;-;-
Cervignano - Scodovacca;2020;2;25;1.4;8.9;10.4;12.1;77;89;100;-;-;-;-;-
Cervignano - Scodovacca;2020;2;26;3.4;3.5;9;13.9;54;82;100;-;-;-;-;-
Cervignano - Scodovacca;2020;2;27;0;0.2;7.2;12.3;20;64;98;-;-;-;-;-
Cervignano - Scodovacca;2020;2;28;0;0.4;7.1;14.5;13;50;98;-;-;-;-;-
Cervignano - Scodovacca;2020;2;29;0;0.1;7.8;14.2;34;61;87;-;-;-;-;-
Cervignano - Scodovacca;2020;3;1;57.4;8.6;10.1;11.7;87;98;100;-;-;-;-;-
Cervignano - Scodovacca;2020;3;2;36;6.5;9.8;12.4;81;95;100;-;-;-;-;-
Cervignano - Scodovacca;2020;3;3;5.6;7.5;11.1;15.7;36;76;100;-;-;-;-;-
Cervignano - Scodovacca;2020;3;4;2;2.3;7.8;12.9;31;72;98;-;-;-;-;-
Cervignano - Scodovacca;2020;3;5;3.8;1.1;6.9;12.9;32;70;95;-;-;-;-;-
Cervignano - Scodovacca;2020;3;6;17.2;4.9;7.2;11.5;73;91;99;-;-;-;-;-
Cervignano - Scodovacca;2020;3;7;3;4.2;9.8;17.4;24;66;98;-;-;-;-;-
Cervignano - Scodovacca;2020;3;8;0;1.4;7.3;14.5;22;60;89;-;-;-;-;-
Cervignano - Scodovacca;2020;3;9;0;1.9;7.9;13.4;37;73;94;-;-;-;-;-
Cervignano - Scodovacca;2020;3;10;0;3.2;8.3;14.8;29;72;96;-;-;-;-;-
Cervignano - Scodovacca;2020;3;11;0;3.1;8.7;15.9;41;78;96;-;-;-;-;-
Cervignano - Scodovacca;2020;3;12;0;3;9.9;17;44;81;100;-;-;-;-;-
Cervignano - Scodovacca;2020;3;13;0.2;9.8;11.6;13.7;56;87;99;-;-;-;-;-
Cervignano - Scodovacca;2020;3;14;1.6;7.8;11.6;15.2;22;46;90;-;-;-;-;-
Cervignano - Scodovacca;2020;3;15;0;3;9;15.1;13;36;74;-;-;-;-;-
Cervignano - Scodovacca;2020;3;16;0;0.2;7.7;16.2;13;46;85;-;-;-;-;-
Cervignano - Scodovacca;2020;3;17;0;0.6;8.3;15.7;40;69;94;-;-;-;-;-
Cervignano - Scodovacca;2020;3;18;0;4.5;13.6;22.8;17;57;99;-;-;-;-;-
Cervignano - Scodovacca;2020;3;19;0;6.2;13.1;21.6;20;59;88;-;-;-;-;-
Cervignano - Scodovacca;2020;3;20;0;4.6;10.5;16.3;55;81;100;-;-;-;-;-
Cervignano - Scodovacca;2020;3;21;0;7;12;18.2;45;78;100;-;-;-;-;-
Cervignano - Scodovacca;2020;3;22;0;4.5;9.3;14;15;31;53;-;-;-;-;-
Cervignano - Scodovacca;2020;3;23;0;0.7;6;11.5;13;21;30;-;-;-;-;-
Cervignano - Scodovacca;2020;3;24;0;-1.6;6;12.6;13;24;42;-;-;-;-;-
Cervignano - Scodovacca;2020;3;25;0;1.2;5;9.4;17;35;54;-;-;-;-;-
Cervignano - Scodovacca;2020;3;26;0;4.1;7.5;11.5;31;41;57;-;-;-;-;-
Cervignano - Scodovacca;2020;3;27;0;4.8;11.9;17.6;23;40;64;-;-;-;-;-
Cervignano - Scodovacca;2020;3;28;0;4.4;11.9;20.6;16;50;87;-;-;-;-;-
Cervignano - Scodovacca;2020;3;29;0;4.7;12.5;21;23;53;80;-;-;-;-;-
Cervignano - Scodovacca;2020;3;30;0;6;10.2;13.8;31;38;49;-;-;-;-;-
Cervignano - Scodovacca;2020;3;31;0.4;1;6.8;12.2;13;24;46;-;-;-;-;-
Cervignano - Scodovacca;2020;4;1;0;0.1;6.3;13.1;13;31;61;-;-;-;-;-
Cervignano - Scodovacca;2020;4;2;0;-1.2;6.8;15.2;13;45;83;-;-;-;-;-
Cervignano - Scodovacca;2020;4;3;0;-0.5;8.2;15.9;33;62;89;-;-;-;-;-
Cervignano - Scodovacca;2020;4;4;0;3.9;13.3;20.5;13;35;84;-;-;-;-;-
Cervignano - Scodovacca;2020;4;5;0;4.8;15.1;22.2;13;25;56;-;-;-;-;-
Cervignano - Scodovacca;2020;4;6;0;7.6;16.5;24.1;13;24;48;-;-;-;-;-
Cervignano - Scodovacca;2020;4;7;0;4;14.7;25.4;-;-;-;-;-;-;-;-
Cervignano - Scodovacca;2020;4;8;0;6;14.9;24.2;-;-;-;-;-;-;-;-
Cervignano - Scodovacca;2020;4;9;0;5.1;14.5;25;-;-;-;-;-;-;-;-
Cervignano - Scodovacca;2020;4;10;0;5.5;16.1;27.3;-;-;-;-;-;-;-;-
Cervignano - Scodovacca;2020;4;11;0;6.7;16.2;26.1;-;-;-;-;-;-;-;-
Cervignano - Scodovacca;2020;4;12;0;7.3;15.8;25.1;-;-;-;-;-;-;-;-
Cervignano - Scodovacca;2020;4;13;0;6.7;14.3;20.8;-;-;-;-;-;-;-;-
Cervignano - Scodovacca;2020;4;14;0.8;3.2;11.2;18.4;-;-;-;-;-;-;-;-
Cervignano - Scodovacca;2020;4;15;0;2.2;10.3;17.9;-;-;-;-;-;-;-;-
Cervignano - Scodovacca;2020;4;16;0;3;11.8;20.1;-;-;-;-;-;-;-;-
Cervignano - Scodovacca;2020;4;17;0;4;12.2;20.6;-;-;-;-;-;-;-;-
Cervignano - Scodovacca;2020;4;18;0;5.3;14;22.5;-;-;-;-;-;-;-;-
Cervignano - Scodovacca;2020;4;19;0;6.6;15.4;22.7;-;-;-;-;-;-;-;-
Cervignano - Scodovacca;2020;4;20;0;14;16.5;19.9;-;-;-;-;-;-;-;-
Cervignano - Scodovacca;2020;4;21;0;11.9;16.3;21.3;-;-;-;-;-;-;-;-
Cervignano - Scodovacca;2020;4;22;0;8.8;17;23.3;-;-;-;-;-;-;-;-
Cervignano - Scodovacca;2020;4;23;0;7.7;16.6;24.7;-;-;-;-;-;-;-;-
Cervignano - Scodovacca;2020;4;24;0;7;15;22.6;-;-;-;-;-;-;-;-
Cervignano - Scodovacca;2020;4;25;0;7.5;14.9;20.6;-;-;-;-;-;-;-;-
Cervignano - Scodovacca;2020;4;26;0;10.9;16.4;23.1;-;-;-;-;-;-;-;-
Cervignano - Scodovacca;2020;4;27;0;8.7;15.7;21.7;-;-;-;-;-;-;-;-
Cervignano - Scodovacca;2020;4;28;0;13.6;16.7;21.1;-;-;-;-;-;-;-;-
Cervignano - Scodovacca;2020;4;29;12;10.7;15.4;20.5;-;-;-;-;-;-;-;-
Cervignano - Scodovacca;2020;4;30;8;9.6;15.7;21.3;-;-;-;-;-;-;-;-
Cervignano - Scodovacca;2020;5;1;2.6;12.6;16.1;20.3;-;-;-;-;-;-;-;-
Cervignano - Scodovacca;2020;5;2;26;11.5;15.4;23.1;-;-;-;-;-;-;-;-
Cervignano - Scodovacca;2020;5;3;0.2;9.2;16.1;22.5;-;-;-;-;-;-;-;-
Cervignano - Scodovacca;2020;5;4;0;9.9;15.5;21.6;-;-;-;-;-;-;-;-
Cervignano - Scodovacca;2020;5;5;0;8;14.8;20.8;-;-;-;-;-;-;-;-
Cervignano - Scodovacca;2020;5;6;0;10.2;16.4;22.4;-;-;-;-;-;-;-;-
Cervignano - Scodovacca;2020;5;7;0;8.5;15.6;22;-;-;-;-;-;-;-;-
Cervignano - Scodovacca;2020;5;8;0;8.7;16.6;24.7;-;-;-;-;-;-;-;-
Cervignano - Scodovacca;2020;5;9;0;9.7;16.9;23.4;-;-;-;-;-;-;-;-
Cervignano - Scodovacca;2020;5;10;0;12.1;17.4;23.1;-;-;-;-;-;-;-;-
Cervignano - Scodovacca;2020;5;11;7.8;13.6;16.8;20.7;-;-;-;-;-;-;-;-
Cervignano - Scodovacca;2020;5;12;6.6;10.5;14.8;20.4;-;-;-;-;-;-;-;-
Cervignano - Scodovacca;2020;5;13;0;10.6;17.2;22.6;-;-;-;-;-;-;-;-
Cervignano - Scodovacca;2020;5;14;0;14.5;20.3;25.6;-;-;-;-;-;-;-;-
Cervignano - Scodovacca;2020;5;15;6.6;15.8;18.6;24;-;-;-;-;-;-;-;-
Cervignano - Scodovacca;2020;5;16;2;13.7;17.4;21.9;-;-;-;-;-;-;-;-
Cervignano - Scodovacca;2020;5;17;0.2;13.7;20.6;28.5;-;-;-;-;-;-;-;-
Cervignano - Scodovacca;2020;5;18;0;14.6;21.7;26.9;-;-;-;-;-;-;-;-
Cervignano - Scodovacca;2020;5;19;8.4;15.2;19.7;25;-;-;-;-;-;-;-;-
Cervignano - Scodovacca;2020;5;20;0.2;13.8;20.8;26.1;-;-;-;-;-;-;-;-
Cervignano - Scodovacca;2020;5;21;0;11;19.8;26.5;-;-;-;-;-;-;-;-
Cervignano - Scodovacca;2020;5;22;0;14.4;19.4;25;-;-;-;-;-;-;-;-
Cervignano - Scodovacca;2020;5;23;8.2;14.2;20.3;26.5;-;-;-;-;-;-;-;-
Cervignano - Scodovacca;2020;5;24;0.4;13.5;19.2;25.6;-;-;-;-;-;-;-;-
Cervignano - Scodovacca;2020;5;25;0;11.2;18.6;24.1;-;-;-;-;-;-;-;-
Cervignano - Scodovacca;2020;5;26;0.2;11.3;17.4;24;-;-;-;-;-;-;-;-
Cervignano - Scodovacca;2020;5;27;0;9;18.2;25.5;-;-;-;-;-;-;-;-
Cervignano - Scodovacca;2020;5;28;11.6;12.5;17.6;24.7;-;-;-;-;-;-;-;-
Cervignano - Scodovacca;2020;5;29;0.6;10.3;17.1;22.8;-;-;-;-;-;-;-;-
Cervignano - Scodovacca;2020;5;30;0;12.3;18.5;23.6;-;-;-;-;-;-;-;-
Cervignano - Scodovacca;2020;5;31;0;13.9;18.1;23.4;-;-;-;-;-;-;-;-
Cervignano - Scodovacca;2020;6;1;0;13;20.4;27;-;-;-;-;-;-;-;-
Cervignano - Scodovacca;2020;6;2;0;12.6;20.1;26.7;-;-;-;-;-;-;-;-
Cervignano - Scodovacca;2020;6;3;24.6;13.4;19.9;25.7;-;-;-;-;-;-;-;-
Cervignano - Scodovacca;2020;6;4;58.4;15.3;17.4;22;-;-;-;-;-;-;-;-
Cervignano - Scodovacca;2020;6;5;4.8;15.7;19.6;23.3;-;-;-;-;-;-;-;-
Cervignano - Scodovacca;2020;6;6;0;16.6;20.7;27.5;-;-;-;-;-;-;-;-
Cervignano - Scodovacca;2020;6;7;15.8;15.2;19.3;24.6;-;-;-;-;-;-;-;-
Cervignano - Scodovacca;2020;6;8;37.8;15.8;17.7;22.8;-;-;-;-;-;-;-;-
Cervignano - Scodovacca;2020;6;9;7.8;15.4;19.1;23.7;-;-;-;-;-;-;-;-
Cervignano - Scodovacca;2020;6;10;10.4;14.5;17.5;22.9;-;-;-;-;-;-;-;-
Cervignano - Scodovacca;2020;6;11;3.6;14.1;18;23.5;-;-;-;-;-;-;-;-
Cervignano - Scodovacca;2020;6;12;0;12.9;19.2;24.2;-;-;-;-;-;-;-;-
Cervignano - Scodovacca;2020;6;13;0;15;20.8;26.1;-;-;-;-;-;-;-;-
Cervignano - Scodovacca;2020;6;14;0.4;17.9;20.4;24.5;-;-;-;-;-;-;-;-
Cervignano - Scodovacca;2020;6;15;4;17.2;19;21.3;-;-;-;-;-;-;-;-
Cervignano - Scodovacca;2020;6;16;1;17.7;21.4;28;-;-;-;-;-;-;-;-
Cervignano - Scodovacca;2020;6;17;0.2;16;21.1;27.4;-;-;-;-;-;-;-;-
Cervignano - Scodovacca;2020;6;18;0.2;14.8;20.4;26;-;-;-;-;-;-;-;-
Cervignano - Scodovacca;2020;6;19;4.6;16.4;19.9;26;-;-;-;-;-;-;-;-
Cervignano - Scodovacca;2020;6;20;1.4;15.7;20.6;27.2;-;-;-;-;-;-;-;-
Cervignano - Scodovacca;2020;6;21;0;15.1;20.2;25;-;-;-;-;-;-;-;-
Cervignano - Scodovacca;2020;6;22;0;15.9;23.8;31.4;-;-;-;-;-;-;-;-
Cervignano - Scodovacca;2020;6;23;0;16;24.8;31.2;-;-;-;-;-;-;-;-
Cervignano - Scodovacca;2020;6;24;0;18.6;23.7;29.1;-;-;-;-;-;-;-;-
Cervignano - Scodovacca;2020;6;25;0;18.8;21.8;26.1;-;-;-;-;-;-;-;-
Cervignano - Scodovacca;2020;6;26;3.4;17.4;22.8;28.5;-;-;-;-;-;-;-;-
Cervignano - Scodovacca;2020;6;27;0;18;24.1;30;-;-;-;-;-;-;-;-
Cervignano - Scodovacca;2020;6;28;0;19;25.5;32.1;-;-;-;-;-;-;-;-
Cervignano - Scodovacca;2020;6;29;7.8;19.6;23.4;29.5;-;-;-;-;-;-;-;-
Cervignano - Scodovacca;2020;6;30;0;19.7;25.5;31.7;-;-;-;-;-;-;-;-
Cervignano - Scodovacca;2020;7;1;0;19.9;25.8;32.4;-;-;-;-;-;-;-;-
Cervignano - Scodovacca;2020;7;2;0.2;20.4;24.4;30;-;-;-;-;-;-;-;-
Cervignano - Scodovacca;2020;7;3;0;18.1;23.2;28.5;-;-;-;-;-;-;-;-
Cervignano - Scodovacca;2020;7;4;0;16.2;23.8;30.5;-;-;-;-;-;-;-;-
Cervignano - Scodovacca;2020;7;5;0;16.3;24.9;32;-;-;-;-;-;-;-;-
Cervignano - Scodovacca;2020;7;6;3.6;17.2;26.6;34.1;-;-;-;-;-;-;-;-
Cervignano - Scodovacca;2020;7;7;12.4;14.6;21.3;27.3;-;-;-;-;-;-;-;-
Cervignano - Scodovacca;2020;7;8;0;14.2;21.7;28.7;-;-;-;-;-;-;-;-
Cervignano - Scodovacca;2020;7;9;0;15.5;23.5;31.9;-;-;-;-;-;-;-;-
Cervignano - Scodovacca;2020;7;10;0;15.7;23.9;31.3;-;-;-;-;-;-;-;-
Cervignano - Scodovacca;2020;7;11;5.2;17.5;22.3;29.7;-;-;-;-;-;-;-;-
Cervignano - Scodovacca;2020;7;12;0;14.8;22.2;28.4;-;-;-;-;-;-;-;-
Cervignano - Scodovacca;2020;7;13;0;16.6;22.8;28.4;-;-;-;-;-;-;-;-
Cervignano - Scodovacca;2020;7;14;0;15.8;22.7;28.9;-;-;-;-;-;-;-;-
Cervignano - Scodovacca;2020;7;15;2.4;16.1;21.9;28.2;-;-;-;-;-;-;-;-
Cervignano - Scodovacca;2020;7;16;0;15.9;22.3;28.7;-;-;-;-;-;-;-;-
Cervignano - Scodovacca;2020;7;17;8.8;16;20.9;26.8;-;-;-;-;-;-;-;-
Cervignano - Scodovacca;2020;7;18;0;14.2;19.7;24.5;-;-;-;-;-;-;-;-
Cervignano - Scodovacca;2020;7;19;0;13.9;21.2;27.7;-;-;-;-;-;-;-;-
Cervignano - Scodovacca;2020;7;20;0;15.8;23;29.3;-;-;-;-;-;-;-;-
Cervignano - Scodovacca;2020;7;21;0;17.3;24.7;31.2;-;-;-;-;-;-;-;-
Cervignano - Scodovacca;2020;7;22;0;19.2;25.3;32.9;-;-;-;-;-;-;-;-
Cervignano - Scodovacca;2020;7;23;0;18.6;25.3;33.3;-;-;-;-;-;-;-;-
Cervignano - Scodovacca;2020;7;24;12.6;18.3;21.6;25.2;-;-;-;-;-;-;-;-
Cervignano - Scodovacca;2020;7;25;0.2;17.6;22.5;28.3;-;-;-;-;-;-;-;-
Cervignano - Scodovacca;2020;7;26;0;17.5;23.6;30;-;-;-;-;-;-;-;-
Cervignano - Scodovacca;2020;7;27;0;17.7;25.1;32;-;-;-;-;-;-;-;-
Cervignano - Scodovacca;2020;7;28;0;18.7;25.5;32.5;-;-;-;-;-;-;-;-
Cervignano - Scodovacca;2020;7;29;0;19.9;27.2;34.3;-;-;-;-;-;-;-;-
Cervignano - Scodovacca;2020;7;30;0;22.4;28.2;34.9;-;-;-;-;-;-;-;-
Cervignano - Scodovacca;2020;7;31;0;22.5;27.2;35.2;-;-;-;-;-;-;-;-
Cervignano - Scodovacca;2020;8;1;0;21.9;29;37.3;-;-;-;-;-;-;-;-
Cervignano - Scodovacca;2020;8;2;0.2;21.6;25.6;30.5;-;-;-;-;-;-;-;-
Cervignano - Scodovacca;2020;8;3;26.6;19;22.8;28.5;-;-;-;-;-;-;-;-
Cervignano - Scodovacca;2020;8;4;14.4;18.1;21.7;28.3;-;-;-;-;-;-;-;-
Cervignano - Scodovacca;2020;8;5;1.2;17.3;21.7;28;-;-;-;-;-;-;-;-
Cervignano - Scodovacca;2020;8;6;0;17.9;24;31.4;-;-;-;-;-;-;-;-
Cervignano - Scodovacca;2020;8;7;0;18.8;26.1;34.1;-;-;-;-;-;-;-;-
Cervignano - Scodovacca;2020;8;8;0;18.8;27.1;35.3;-;-;-;-;-;-;-;-
Cervignano - Scodovacca;2020;8;9;0;19.9;27;35.4;-;-;-;-;-;-;-;-
Cervignano - Scodovacca;2020;8;10;0;21.4;26.9;33.1;-;-;-;-;-;-;-;-
Cervignano - Scodovacca;2020;8;11;0;21.2;25.2;34.4;-;-;-;-;-;-;-;-
Cervignano - Scodovacca;2020;8;12;0;19.7;25.8;32.6;-;-;-;-;-;-;-;-
Cervignano - Scodovacca;2020;8;13;0;20.9;25.8;30.9;-;-;-;-;-;-;-;-
Cervignano - Scodovacca;2020;8;14;2.2;18.9;23.9;31.9;-;-;-;-;-;-;-;-
Cervignano - Scodovacca;2020;8;15;0;18.2;24.9;32.1;-;-;-;-;-;-;-;-
Cervignano - Scodovacca;2020;8;16;0;19.6;25.3;32.2;-;-;-;-;-;-;-;-
Cervignano - Scodovacca;2020;8;17;5.2;17.7;22.8;31;-;-;-;-;-;-;-;-
Cervignano - Scodovacca;2020;8;18;0;16.9;21.8;27.3;-;-;-;-;-;-;-;-
Cervignano - Scodovacca;2020;8;19;0;17.9;23.2;29.7;-;-;-;-;-;-;-;-
Cervignano - Scodovacca;2020;8;20;0;18.3;24.1;30.7;-;-;-;-;-;-;-;-
Cervignano - Scodovacca;2020;8;21;0;18.6;25;31.4;-;-;-;-;-;-;-;-
Cervignano - Scodovacca;2020;8;22;0;21.4;26;32.4;-;-;-;-;-;-;-;-
Cervignano - Scodovacca;2020;8;23;0.8;20.1;25.3;32.1;-;-;-;-;-;-;-;-
Cervignano - Scodovacca;2020;8;24;0;19.3;24.3;29.9;-;-;-;-;-;-;-;-
Cervignano - Scodovacca;2020;8;25;0;15.7;22.6;30.5;-;-;-;-;-;-;-;-
Cervignano - Scodovacca;2020;8;26;0;15.9;22.4;29.1;-;-;-;-;-;-;-;-
Cervignano - Scodovacca;2020;8;27;0;19;24.2;31.1;-;-;-;-;-;-;-;-
Cervignano - Scodovacca;2020;8;28;0;18.8;24.7;31.9;-;-;-;-;-;-;-;-
Cervignano - Scodovacca;2020;8;29;26;19.8;25.9;30.5;-;-;-;-;-;-;-;-
Cervignano - Scodovacca;2020;8;30;18.4;17.2;21.8;26.9;-;-;-;-;-;-;-;-
Cervignano - Scodovacca;2020;8;31;16.6;14.8;18.2;24.3;-;-;-;-;-;-;-;-
Cervignano - Scodovacca;2020;9;1;6;14.5;18.7;25;-;-;-;-;-;-;-;-
Cervignano - Scodovacca;2020;9;2;0;15.4;20.5;27.4;-;-;-;-;-;-;-;-
Cervignano - Scodovacca;2020;9;3;0;15.5;20.7;27.5;-;-;-;-;-;-;-;-
Cervignano - Scodovacca;2020;9;4;0;14.1;20.7;28.6;-;-;-;-;-;-;-;-
Cervignano - Scodovacca;2020;9;5;0;14.8;21.2;28.4;-;-;-;-;-;-;-;-
Cervignano - Scodovacca;2020;9;6;0.2;16.1;22.5;31.1;-;-;-;-;-;-;-;-
Cervignano - Scodovacca;2020;9;7;0;15.7;21.6;27.4;-;-;-;-;-;-;-;-
Cervignano - Scodovacca;2020;9;8;0;14.2;21.1;28.8;-;-;-;-;-;-;-;-
Cervignano - Scodovacca;2020;9;9;0;13.6;20.8;28.7;-;-;-;-;-;-;-;-
Cervignano - Scodovacca;2020;9;10;0;15;22.4;31.1;-;-;-;-;-;-;-;-
Cervignano - Scodovacca;2020;9;11;0;16.6;23.5;30.6;-;-;-;-;-;-;-;-
Cervignano - Scodovacca;2020;9;12;0;16.8;24;32.2;-;-;-;-;-;-;-;-
Cervignano - Scodovacca;2020;9;13;0;18;24.7;32.6;-;-;-;-;-;-;-;-
Cervignano - Scodovacca;2020;9;14;0;17.4;25;32.2;-;-;-;-;-;-;-;-
Cervignano - Scodovacca;2020;9;15;0;17.3;24.5;32.4;-;-;-;-;-;-;-;-
Cervignano - Scodovacca;2020;9;16;0;17.4;24;31.6;-;-;-;-;-;-;-;-
Cervignano - Scodovacca;2020;9;17;0.2;16.7;24;32.8;-;-;-;-;-;-;-;-
Cervignano - Scodovacca;2020;9;18;0;13.5;21.2;28.2;-;-;-;-;-;-;-;-
Cervignano - Scodovacca;2020;9;19;0;10.6;18.8;27.5;-;-;-;-;-;-;-;-
Cervignano - Scodovacca;2020;9;20;0;12.2;19.4;27.7;-;-;-;-;-;-;-;-
Cervignano - Scodovacca;2020;9;21;0;15.5;20.3;27.6;-;-;-;-;-;-;-;-
Cervignano - Scodovacca;2020;9;22;13;16.2;19.5;23.5;-;-;-;-;-;-;-;-
Cervignano - Scodovacca;2020;9;23;19.6;16;18.7;23.1;-;-;-;-;-;-;-;-
Cervignano - Scodovacca;2020;9;24;10.8;16.7;20.4;25.1;-;-;-;-;-;-;-;-
Cervignano - Scodovacca;2020;9;25;61;10.7;18.9;25.8;-;-;-;-;-;-;-;-
Cervignano - Scodovacca;2020;9;26;5;9.9;13.2;18.5;-;-;-;-;-;-;-;-
Cervignano - Scodovacca;2020;9;27;20.2;9.4;14.1;18.5;-;-;-;-;-;-;-;-
Cervignano - Scodovacca;2020;9;28;19.8;9.9;12.1;14.5;-;-;-;-;-;-;-;-
Cervignano - Scodovacca;2020;9;29;0;8;13.6;21.7;-;-;-;-;-;-;-;-
Cervignano - Scodovacca;2020;9;30;0.2;7.9;14.6;22.7;-;-;-;-;-;-;-;-
Cervignano - Scodovacca;2020;10;1;2.2;12.3;16.3;20.2;-;-;-;-;-;-;-;-
Cervignano - Scodovacca;2020;10;2;0.2;15.4;18.7;22.4;-;-;-;-;-;-;-;-
Cervignano - Scodovacca;2020;10;3;18.2;14.3;18.4;22.9;-;-;-;-;-;-;-;-
Cervignano - Scodovacca;2020;10;4;29;13;17.1;22.4;-;-;-;-;-;-;-;-
Cervignano - Scodovacca;2020;10;5;47.6;12;16;21;-;-;-;-;-;-;-;-
Cervignano - Scodovacca;2020;10;6;0.2;9.6;15.3;21.1;-;-;-;-;-;-;-;-
Cervignano - Scodovacca;2020;10;7;10.2;9.4;15.4;22.4;-;-;-;-;-;-;-;-
Cervignano - Scodovacca;2020;10;8;0.2;8.1;14.1;21.8;-;-;-;-;-;-;-;-
Cervignano - Scodovacca;2020;10;9;0;8.9;14.7;22.6;-;-;-;-;-;-;-;-
Cervignano - Scodovacca;2020;10;10;0;10.9;15;22.1;-;-;-;-;-;-;-;-
Cervignano - Scodovacca;2020;10;11;42;8.7;11.1;15.1;-;-;-;-;-;-;-;-
Cervignano - Scodovacca;2020;10;12;0;5;11.7;19.2;-;-;-;-;-;-;-;-
Cervignano - Scodovacca;2020;10;13;0.2;2.5;9.7;17.4;-;-;-;-;-;-;-;-
Cervignano - Scodovacca;2020;10;14;1;4.6;11.5;18.7;-;-;-;-;-;-;-;-
Cervignano - Scodovacca;2020;10;15;41;9.4;10.5;11.9;-;-;-;-;-;-;-;-
Cervignano - Scodovacca;2020;10;16;1;8.7;12.2;18;-;-;-;-;-;-;-;-
Cervignano - Scodovacca;2020;10;17;0;8.3;11.9;18;-;-;-;-;-;-;-;-
Cervignano - Scodovacca;2020;10;18;0;7.4;11.9;19.7;-;-;-;-;-;-;-;-
Cervignano - Scodovacca;2020;10;19;0.2;6.1;11.5;18.5;-;-;-;-;-;-;-;-
Cervignano - Scodovacca;2020;10;20;0;7.2;12.1;18.8;-;-;-;-;-;-;-;-
Cervignano - Scodovacca;2020;10;21;0;9;13;19.5;-;-;-;-;-;-;-;-
Cervignano - Scodovacca;2020;10;22;0.2;9.8;13.8;18;-;-;-;-;-;-;-;-
Cervignano - Scodovacca;2020;10;23;1.4;11.6;14.9;18.4;-;-;-;-;-;-;-;-
Cervignano - Scodovacca;2020;10;24;22;14.3;16.2;21;-;-;-;-;-;-;-;-
Cervignano - Scodovacca;2020;10;25;0;11.8;15.6;21;-;-;-;-;-;-;-;-
Cervignano - Scodovacca;2020;10;26;0;14.2;16.9;20.2;-;-;-;-;-;-;-;-
Cervignano - Scodovacca;2020;10;27;15.4;9;14.6;18.7;-;-;-;-;-;-;-;-
Cervignano - Scodovacca;2020;10;28;0.2;7.1;11.5;18.6;-;-;-;-;-;-;-;-
Cervignano - Scodovacca;2020;10;29;0.2;6.8;10.9;17.9;-;-;-;-;-;-;-;-
Cervignano - Scodovacca;2020;10;30;0;7.8;11.8;17.4;-;-;-;-;-;-;-;-
Cervignano - Scodovacca;2020;10;31;0.2;5.8;11.3;19.6;-;-;-;-;-;-;-;-
Cervignano - Scodovacca;2020;11;1;0.2;5.3;11.2;14.2;-;-;-;-;-;-;-;-
Cervignano - Scodovacca;2020;11;2;0;9.9;12.5;15.6;-;-;-;-;-;-;-;-
Cervignano - Scodovacca;2020;11;3;0;8.7;12.9;15.6;-;-;-;-;-;-;-;-
Cervignano - Scodovacca;2020;11;4;0;8;12.8;18.1;-;-;-;-;-;-;-;-
Cervignano - Scodovacca;2020;11;5;0;8;12.8;20.5;-;-;-;-;-;-;-;-
Cervignano - Scodovacca;2020;11;6;0;5.3;11.2;20.2;-;-;-;-;-;-;-;-
Cervignano - Scodovacca;2020;11;7;0;3.8;10.7;21.9;-;-;-;-;-;-;-;-
Cervignano - Scodovacca;2020;11;8;0.2;4.3;10.5;19.3;-;-;-;-;-;-;-;-
Cervignano - Scodovacca;2020;11;9;0;4.3;10.1;19.4;-;-;-;-;-;-;-;-
Cervignano - Scodovacca;2020;11;10;0;3.6;9.2;19;-;-;-;-;-;-;-;-
Cervignano - Scodovacca;2020;11;11;0;4.7;9;15.7;-;-;-;-;-;-;-;-
Cervignano - Scodovacca;2020;11;12;1;6.5;9.7;13.6;-;-;-;-;-;-;-;-
Cervignano - Scodovacca;2020;11;13;0;5.9;10.1;14.7;-;-;-;-;-;-;-;-
Cervignano - Scodovacca;2020;11;14;0;6.6;10.9;15.4;-;-;-;-;-;-;-;-
Cervignano - Scodovacca;2020;11;15;0.4;7.5;10.7;14.9;-;-;-;-;-;-;-;-
Cervignano - Scodovacca;2020;11;16;27.2;9.5;10.9;12.6;-;-;-;-;-;-;-;-
Cervignano - Scodovacca;2020;11;17;0;4.5;10.5;18;-;-;-;-;-;-;-;-
Cervignano - Scodovacca;2020;11;18;0;5;10;18.6;-;-;-;-;-;-;-;-
Cervignano - Scodovacca;2020;11;19;0;3.9;8.9;16.6;-;-;-;-;-;-;-;-
Cervignano - Scodovacca;2020;11;20;0;7.1;10.2;16.2;-;-;-;-;-;-;-;-
Cervignano - Scodovacca;2020;11;21;0;0.8;6.5;12;-;-;-;-;-;-;-;-
Cervignano - Scodovacca;2020;11;22;0;-2;3.9;13.8;-;-;-;-;-;-;-;-
Cervignano - Scodovacca;2020;11;23;0;-0.7;5.2;12.5;-;-;-;-;-;-;-;-
Cervignano - Scodovacca;2020;11;24;0;0.5;6.8;14.1;-;-;-;-;-;-;-;-
Cervignano - Scodovacca;2020;11;25;0;-0.4;4.9;14.3;-;-;-;-;-;-;-;-
Cervignano - Scodovacca;2020;11;26;0.2;0;4.7;13;-;-;-;-;-;-;-;-
Cervignano - Scodovacca;2020;11;27;0;1.4;5.2;12.2;-;-;-;-;-;-;-;-
Cervignano - Scodovacca;2020;11;28;0;0.9;6.3;10.7;-;-;-;-;-;-;-;-
Cervignano - Scodovacca;2020;11;29;0;0.5;6.1;11.7;-;-;-;-;-;-;-;-
Cervignano - Scodovacca;2020;11;30;0;-1.5;3.5;11.3;-;-;-;-;-;-;-;-
Cervignano - Scodovacca;2020;12;1;0;-2.7;3.1;9.5;-;-;-;-;-;-;-;-
Cervignano - Scodovacca;2020;12;2;11.8;1;3;4.6;-;-;-;-;-;-;-;-
Cervignano - Scodovacca;2020;12;3;0.8;2.1;4.3;5.8;-;-;-;-;-;-;-;-
Cervignano - Scodovacca;2020;12;4;0.8;3;7.1;12.6;-;-;-;-;-;-;-;-
Cervignano - Scodovacca;2020;12;5;8.4;12.1;14.4;16;-;-;-;-;-;-;-;-
Cervignano - Scodovacca;2020;12;6;84;8.6;12.2;15.8;-;-;-;-;-;-;-;-
Cervignano - Scodovacca;2020;12;7;5.8;3.3;7.7;12.6;-;-;-;-;-;-;-;-
Cervignano - Scodovacca;2020;12;8;109.2;3.9;6.5;8.4;-;-;-;-;-;-;-;-
Cervignano - Scodovacca;2020;12;9;17.8;3.4;7.6;10.4;-;-;-;-;-;-;-;-
Cervignano - Scodovacca;2020;12;10;0;3.2;6.9;11.2;-;-;-;-;-;-;-;-
Cervignano - Scodovacca;2020;12;11;0;3.7;6.1;9.4;-;-;-;-;-;-;-;-
Cervignano - Scodovacca;2020;12;12;0;1.2;5.4;10.3;-;-;-;-;-;-;-;-
Cervignano - Scodovacca;2020;12;13;0;0.5;4.7;13.6;-;-;-;-;-;-;-;-
Cervignano - Scodovacca;2020;12;14;0;0.4;5.2;13.6;-;-;-;-;-;-;-;-
Cervignano - Scodovacca;2020;12;15;0.2;0.7;4.2;8.9;-;-;-;-;-;-;-;-
Cervignano - Scodovacca;2020;12;16;0;1.5;4.8;10.2;-;-;-;-;-;-;-;-
Cervignano - Scodovacca;2020;12;17;0;3.5;6.7;12;-;-;-;-;-;-;-;-
Cervignano - Scodovacca;2020;12;18;0;6.1;8.5;14.2;-;-;-;-;-;-;-;-
Cervignano - Scodovacca;2020;12;19;0;5.7;8.4;12;-;-;-;-;-;-;-;-
Cervignano - Scodovacca;2020;12;20;0;7.7;9.3;11.3;-;-;-;-;-;-;-;-
Cervignano - Scodovacca;2020;12;21;0;8.6;9.3;10.1;-;-;-;-;-;-;-;-
Cervignano - Scodovacca;2020;12;22;0.4;7.2;8.6;9.6;-;-;-;-;-;-;-;-
Cervignano - Scodovacca;2020;12;23;0;7.7;8.5;9.3;-;-;-;-;-;-;-;-
Cervignano - Scodovacca;2020;12;24;3.8;7.8;8.8;10.3;-;-;-;-;-;-;-;-
Cervignano - Scodovacca;2020;12;25;25.2;4.1;7.1;8.6;-;-;-;-;-;-;-;-
Cervignano - Scodovacca;2020;12;26;0;-1.3;4.4;9;-;-;-;-;-;-;-;-
Cervignano - Scodovacca;2020;12;27;0;-2;1.6;7.4;-;-;-;-;-;-;-;-
Cervignano - Scodovacca;2020;12;28;21;-0.5;5.1;11.3;-;-;-;-;-;-;-;-
Cervignano - Scodovacca;2020;12;29;10.2;1.7;6.4;9.5;-;-;-;-;-;-;-;-
Cervignano - Scodovacca;2020;12;30;3.2;3.8;6.6;11.9;-;-;-;-;-;-;-;-
Cervignano - Scodovacca;2020;12;31;0.2;1.6;5.8;11.4;-;-;-;-;-;-;-;-
