stazione;yy;mese;giorno*;Pioggiamm;Temp. min°C;Temp. med°C;Temp. max°C;Umidità min%;Umidità med%;Umidità max%;Vento medkm/h;Vento maxkm/h;Dir. V. max°N;Radiaz.KJ/m2;Press. medhPa
Trieste Ist. Nautico;2020;1;1;-;-;-;-;-;-;-;11;44;67;-;-
Trieste Ist. Nautico;2020;1;2;-;-;-;-;-;-;-;6;27;141;-;-
Trieste Ist. Nautico;2020;1;3;-;-;-;-;-;-;-;5;18;324;-;-
Trieste Ist. Nautico;2020;1;4;-;-;-;-;-;-;-;6;20;113;-;-
Trieste Ist. Nautico;2020;1;5;-;-;-;-;-;-;-;14;44;62;-;-
Trieste Ist. Nautico;2020;1;6;-;-;-;-;-;-;-;13;44;97;-;-
Trieste Ist. Nautico;2020;1;7;-;-;-;-;-;-;-;6;28;168;-;-
Trieste Ist. Nautico;2020;1;8;-;-;-;-;-;-;-;7;32;107;-;-
Trieste Ist. Nautico;2020;1;9;-;-;-;-;-;-;-;6;17;129;-;-
Trieste Ist. Nautico;2020;1;10;-;-;-;-;-;-;-;7;20;138;-;-
Trieste Ist. Nautico;2020;1;11;-;-;-;-;-;-;-;12;55;89;-;-
Trieste Ist. Nautico;2020;1;12;-;-;-;-;-;-;-;12;44;68;-;-
Trieste Ist. Nautico;2020;1;13;-;-;-;-;-;-;-;6;28;100;-;-
Trieste Ist. Nautico;2020;1;14;-;-;-;-;-;-;-;6;20;126;-;-
Trieste Ist. Nautico;2020;1;15;-;-;-;-;-;-;-;5;19;338;-;-
Trieste Ist. Nautico;2020;1;16;-;-;-;-;-;-;-;7;47;92;-;-
Trieste Ist. Nautico;2020;1;17;-;-;-;-;-;-;-;8;23;126;-;-
Trieste Ist. Nautico;2020;1;18;-;-;-;-;-;-;-;11;46;63;-;-
Trieste Ist. Nautico;2020;1;19;-;-;-;-;-;-;-;20;64;57;-;-
Trieste Ist. Nautico;2020;1;20;-;-;-;-;-;-;-;32;82;79;-;-
Trieste Ist. Nautico;2020;1;21;-;-;-;-;-;-;-;12;55;59;-;-
Trieste Ist. Nautico;2020;1;22;-;-;-;-;-;-;-;6;16;113;-;-
Trieste Ist. Nautico;2020;1;23;-;-;-;-;-;-;-;15;54;74;-;-
Trieste Ist. Nautico;2020;1;24;-;-;-;-;-;-;-;5;17;109;-;-
Trieste Ist. Nautico;2020;1;25;-;-;-;-;-;-;-;5;23;117;-;-
Trieste Ist. Nautico;2020;1;26;-;-;-;-;-;-;-;5;14;305;-;-
Trieste Ist. Nautico;2020;1;27;-;-;-;-;-;-;-;5;19;114;-;-
Trieste Ist. Nautico;2020;1;28;-;-;-;-;-;-;-;9;30;252;-;-
Trieste Ist. Nautico;2020;1;29;-;-;-;-;-;-;-;8;26;132;-;-
Trieste Ist. Nautico;2020;1;30;-;-;-;-;-;-;-;7;26;241;-;-
Trieste Ist. Nautico;2020;1;31;-;-;-;-;-;-;-;5;16;328;-;-
Trieste Ist. Nautico;2020;2;1;-;-;-;-;-;-;-;5;17;125;-;-
Trieste Ist. Nautico;2020;2;2;-;-;-;-;-;-;-;5;18;332;-;-
Trieste Ist. Nautico;2020;2;3;-;-;-;-;-;-;-;5;16;312;-;-
Trieste Ist. Nautico;2020;2;4;-;-;-;-;-;-;-;10;51;309;-;-
Trieste Ist. Nautico;2020;2;5;-;-;-;-;-;-;-;16;86;25;-;-
Trieste Ist. Nautico;2020;2;6;-;-;-;-;-;-;-;10;47;26;-;-
Trieste Ist. Nautico;2020;2;7;-;-;-;-;-;-;-;8;33;75;-;-
Trieste Ist. Nautico;2020;2;8;-;-;-;-;-;-;-;7;35;93;-;-
Trieste Ist. Nautico;2020;2;9;-;-;-;-;-;-;-;7;19;306;-;-
Trieste Ist. Nautico;2020;2;10;-;-;-;-;-;-;-;5;16;167;-;-
Trieste Ist. Nautico;2020;2;11;-;-;-;-;-;-;-;7;45;63;-;-
Trieste Ist. Nautico;2020;2;12;-;-;-;-;-;-;-;12;50;90;-;-
Trieste Ist. Nautico;2020;2;13;-;-;-;-;-;-;-;6;26;223;-;-
Trieste Ist. Nautico;2020;2;14;-;-;-;-;-;-;-;9;51;343;-;-
Trieste Ist. Nautico;2020;2;15;-;-;-;-;-;-;-;7;26;139;-;-
Trieste Ist. Nautico;2020;2;16;-;-;-;-;-;-;-;6;21;299;-;-
Trieste Ist. Nautico;2020;2;17;-;-;-;-;-;-;-;5;17;328;-;-
Trieste Ist. Nautico;2020;2;18;-;-;-;-;-;-;-;7;28;114;-;-
Trieste Ist. Nautico;2020;2;19;-;-;-;-;-;-;-;13;63;63;-;-
Trieste Ist. Nautico;2020;2;20;-;-;-;-;-;-;-;10;36;109;-;-
Trieste Ist. Nautico;2020;2;21;-;-;-;-;-;-;-;7;31;94;-;-
Trieste Ist. Nautico;2020;2;22;-;-;-;-;-;-;-;7;27;110;-;-
Trieste Ist. Nautico;2020;2;23;-;-;-;-;-;-;-;6;18;349;-;-
Trieste Ist. Nautico;2020;2;24;-;-;-;-;-;-;-;7;29;132;-;-
Trieste Ist. Nautico;2020;2;25;-;-;-;-;-;-;-;6;29;202;-;-
Trieste Ist. Nautico;2020;2;26;-;-;-;-;-;-;-;16;83;64;-;-
Trieste Ist. Nautico;2020;2;27;-;-;-;-;-;-;-;12;60;328;-;-
Trieste Ist. Nautico;2020;2;28;-;-;-;-;-;-;-;10;46;303;-;-
Trieste Ist. Nautico;2020;2;29;-;-;-;-;-;-;-;10;39;253;-;-
Trieste Ist. Nautico;2020;3;1;-;-;-;-;-;-;-;12;44;246;-;-
Trieste Ist. Nautico;2020;3;2;-;-;-;-;-;-;-;11;50;129;-;-
Trieste Ist. Nautico;2020;3;3;-;-;-;-;-;-;-;12;51;89;-;-
Trieste Ist. Nautico;2020;3;4;-;-;-;-;-;-;-;18;59;72;-;-
Trieste Ist. Nautico;2020;3;5;-;-;-;-;-;-;-;8;42;235;-;-
Trieste Ist. Nautico;2020;3;6;-;-;-;-;-;-;-;10;58;134;-;-
Trieste Ist. Nautico;2020;3;7;-;-;-;-;-;-;-;15;58;101;-;-
Trieste Ist. Nautico;2020;3;8;-;-;-;-;-;-;-;14;43;99;-;-
Trieste Ist. Nautico;2020;3;9;-;-;-;-;-;-;-;6;22;111;-;-
Trieste Ist. Nautico;2020;3;10;-;-;-;-;-;-;-;7;27;106;-;-
Trieste Ist. Nautico;2020;3;11;-;-;-;-;-;-;-;6;22;338;-;-
Trieste Ist. Nautico;2020;3;12;-;-;-;-;-;-;-;6;21;306;-;-
Trieste Ist. Nautico;2020;3;13;-;-;-;-;-;-;-;11;68;112;-;-
Trieste Ist. Nautico;2020;3;14;-;-;-;-;-;-;-;25;72;88;-;-
Trieste Ist. Nautico;2020;3;15;-;-;-;-;-;-;-;22;69;68;-;-
Trieste Ist. Nautico;2020;3;16;-;-;-;-;-;-;-;9;35;71;-;-
Trieste Ist. Nautico;2020;3;17;-;-;-;-;-;-;-;6;18;335;-;-
Trieste Ist. Nautico;2020;3;18;-;-;-;-;-;-;-;10;36;95;-;-
Trieste Ist. Nautico;2020;3;19;-;-;-;-;-;-;-;8;42;100;-;-
Trieste Ist. Nautico;2020;3;20;-;-;-;-;-;-;-;6;20;281;-;-
Trieste Ist. Nautico;2020;3;21;-;-;-;-;-;-;-;10;71;66;-;-
Trieste Ist. Nautico;2020;3;22;-;-;-;-;-;-;-;41;110;58;-;-
Trieste Ist. Nautico;2020;3;23;-;-;-;-;-;-;-;20;62;22;-;-
Trieste Ist. Nautico;2020;3;24;-;-;-;-;-;-;-;17;54;53;-;-
Trieste Ist. Nautico;2020;3;25;-;-;-;-;-;-;-;40;96;67;-;-
Trieste Ist. Nautico;2020;3;26;-;-;-;-;-;-;-;52;126;68;-;-
Trieste Ist. Nautico;2020;3;27;-;-;-;-;-;-;-;31;103;72;-;-
Trieste Ist. Nautico;2020;3;28;-;-;-;-;-;-;-;12;44;67;-;-
Trieste Ist. Nautico;2020;3;29;-;-;-;-;-;-;-;6;32;94;-;-
Trieste Ist. Nautico;2020;3;30;-;-;-;-;-;-;-;37;98;103;-;-
Trieste Ist. Nautico;2020;3;31;-;-;-;-;-;-;-;28;97;95;-;-
Trieste Ist. Nautico;2020;4;1;-;-;-;-;-;-;-;14;41;70;-;-
Trieste Ist. Nautico;2020;4;2;-;-;-;-;-;-;-;11;33;245;-;-
Trieste Ist. Nautico;2020;4;3;-;-;-;-;-;-;-;7;25;289;-;-
Trieste Ist. Nautico;2020;4;4;-;-;-;-;-;-;-;20;57;89;-;-
Trieste Ist. Nautico;2020;4;5;-;-;-;-;-;-;-;23;78;85;-;-
Trieste Ist. Nautico;2020;4;6;-;-;-;-;-;-;-;24;62;79;-;-
Trieste Ist. Nautico;2020;4;7;-;-;-;-;-;-;-;19;66;80;-;-
Trieste Ist. Nautico;2020;4;8;-;-;-;-;-;-;-;14;54;89;-;-
Trieste Ist. Nautico;2020;4;9;-;-;-;-;-;-;-;8;40;75;-;-
Trieste Ist. Nautico;2020;4;10;-;-;-;-;-;-;-;6;25;254;-;-
Trieste Ist. Nautico;2020;4;11;-;-;-;-;-;-;-;5;19;340;-;-
Trieste Ist. Nautico;2020;4;12;-;-;-;-;-;-;-;6;22;291;-;-
Trieste Ist. Nautico;2020;4;13;-;-;-;-;-;-;-;8;23;255;-;-
Trieste Ist. Nautico;2020;4;14;-;-;-;-;-;-;-;24;92;78;-;-
Trieste Ist. Nautico;2020;4;15;-;-;-;-;-;-;-;11;46;103;-;-
Trieste Ist. Nautico;2020;4;16;-;-;-;-;-;-;-;7;22;130;-;-
Trieste Ist. Nautico;2020;4;17;-;-;-;-;-;-;-;7;20;315;-;-
Trieste Ist. Nautico;2020;4;18;-;-;-;-;-;-;-;6;19;280;-;-
Trieste Ist. Nautico;2020;4;19;-;-;-;-;-;-;-;6;34;92;-;-
Trieste Ist. Nautico;2020;4;20;-;-;-;-;-;-;-;36;88;82;-;-
Trieste Ist. Nautico;2020;4;21;-;-;-;-;-;-;-;35;100;73;-;-
Trieste Ist. Nautico;2020;4;22;-;-;-;-;-;-;-;23;61;88;-;-
Trieste Ist. Nautico;2020;4;23;-;-;-;-;-;-;-;18;58;72;-;-
Trieste Ist. Nautico;2020;4;24;-;-;-;-;-;-;-;7;20;83;-;-
Trieste Ist. Nautico;2020;4;25;-;-;-;-;-;-;-;7;29;346;-;-
Trieste Ist. Nautico;2020;4;26;-;-;-;-;-;-;-;9;30;79;-;-
Trieste Ist. Nautico;2020;4;27;-;-;-;-;-;-;-;6;24;275;-;-
Trieste Ist. Nautico;2020;4;28;-;-;-;-;-;-;-;8;24;323;-;-
Trieste Ist. Nautico;2020;4;29;-;-;-;-;-;-;-;10;55;287;-;-
Trieste Ist. Nautico;2020;4;30;-;-;-;-;-;-;-;9;33;152;-;-
Trieste Ist. Nautico;2020;5;1;-;-;-;-;-;-;-;10;35;100;-;-
Trieste Ist. Nautico;2020;5;2;-;-;-;-;-;-;-;10;54;63;-;-
Trieste Ist. Nautico;2020;5;3;-;-;-;-;-;-;-;18;61;62;-;-
Trieste Ist. Nautico;2020;5;4;-;-;-;-;-;-;-;7;22;260;-;-
Trieste Ist. Nautico;2020;5;5;-;-;-;-;-;-;-;8;21;269;-;-
Trieste Ist. Nautico;2020;5;6;-;-;-;-;-;-;-;24;77;98;-;-
Trieste Ist. Nautico;2020;5;7;-;-;-;-;-;-;-;7;28;239;-;-
Trieste Ist. Nautico;2020;5;8;-;-;-;-;-;-;-;6;21;342;-;-
Trieste Ist. Nautico;2020;5;9;-;-;-;-;-;-;-;8;23;330;-;-
Trieste Ist. Nautico;2020;5;10;-;-;-;-;-;-;-;9;26;320;-;-
Trieste Ist. Nautico;2020;5;11;-;-;-;-;-;-;-;11;39;150;-;-
Trieste Ist. Nautico;2020;5;12;-;-;-;-;-;-;-;21;77;93;-;-
Trieste Ist. Nautico;2020;5;13;-;-;-;-;-;-;-;7;30;176;-;-
Trieste Ist. Nautico;2020;5;14;-;-;-;-;-;-;-;9;58;52;-;-
Trieste Ist. Nautico;2020;5;15;-;-;-;-;-;-;-;14;42;94;-;-
Trieste Ist. Nautico;2020;5;16;-;-;-;-;-;-;-;22;59;72;-;-
Trieste Ist. Nautico;2020;5;17;-;-;-;-;-;-;-;21;69;89;-;-
Trieste Ist. Nautico;2020;5;18;-;-;-;-;-;-;-;26;83;76;-;-
Trieste Ist. Nautico;2020;5;19;-;-;-;-;-;-;-;36;95;52;-;-
Trieste Ist. Nautico;2020;5;20;-;-;-;-;-;-;-;26;91;72;-;-
Trieste Ist. Nautico;2020;5;21;-;-;-;-;-;-;-;17;57;99;-;-
Trieste Ist. Nautico;2020;5;22;-;-;-;-;-;-;-;6;27;102;-;-
Trieste Ist. Nautico;2020;5;23;-;-;-;-;-;-;-;6;41;31;-;-
Trieste Ist. Nautico;2020;5;24;-;-;-;-;-;-;-;19;73;98;-;-
Trieste Ist. Nautico;2020;5;25;-;-;-;-;-;-;-;9;65;64;-;-
Trieste Ist. Nautico;2020;5;26;-;-;-;-;-;-;-;10;40;94;-;-
Trieste Ist. Nautico;2020;5;27;-;-;-;-;-;-;-;12;35;278;-;-
Trieste Ist. Nautico;2020;5;28;-;-;-;-;-;-;-;9;43;82;-;-
Trieste Ist. Nautico;2020;5;29;-;-;-;-;-;-;-;18;51;67;-;-
Trieste Ist. Nautico;2020;5;30;-;-;-;-;-;-;-;18;54;67;-;-
Trieste Ist. Nautico;2020;5;31;-;-;-;-;-;-;-;12;38;73;-;-
Trieste Ist. Nautico;2020;6;1;-;-;-;-;-;-;-;9;25;292;-;-
Trieste Ist. Nautico;2020;6;2;-;-;-;-;-;-;-;8;35;87;-;-
Trieste Ist. Nautico;2020;6;3;-;-;-;-;-;-;-;9;38;6;-;-
Trieste Ist. Nautico;2020;6;4;-;-;-;-;-;-;-;11;41;253;-;-
Trieste Ist. Nautico;2020;6;5;-;-;-;-;-;-;-;11;39;247;-;-
Trieste Ist. Nautico;2020;6;6;-;-;-;-;-;-;-;8;25;254;-;-
Trieste Ist. Nautico;2020;6;7;-;-;-;-;-;-;-;10;33;141;-;-
Trieste Ist. Nautico;2020;6;8;-;-;-;-;-;-;-;12;45;70;-;-
Trieste Ist. Nautico;2020;6;9;-;-;-;-;-;-;-;11;41;78;-;-
Trieste Ist. Nautico;2020;6;10;-;-;-;-;-;-;-;9;29;317;-;-
Trieste Ist. Nautico;2020;6;11;-;-;-;-;-;-;-;9;31;221;-;-
Trieste Ist. Nautico;2020;6;12;-;-;-;-;-;-;-;8;26;334;-;-
Trieste Ist. Nautico;2020;6;13;-;-;-;-;-;-;-;9;31;295;-;-
Trieste Ist. Nautico;2020;6;14;-;-;-;-;-;-;-;10;33;244;-;-
Trieste Ist. Nautico;2020;6;15;-;-;-;-;-;-;-;7;26;308;-;-
Trieste Ist. Nautico;2020;6;16;-;-;-;-;-;-;-;7;37;350;-;-
Trieste Ist. Nautico;2020;6;17;-;-;-;-;-;-;-;8;27;294;-;-
Trieste Ist. Nautico;2020;6;18;-;-;-;-;-;-;-;13;42;284;-;-
Trieste Ist. Nautico;2020;6;19;-;-;-;-;-;-;-;13;48;286;-;-
Trieste Ist. Nautico;2020;6;20;-;-;-;-;-;-;-;10;28;292;-;-
Trieste Ist. Nautico;2020;6;21;-;-;-;-;-;-;-;6;25;329;-;-
Trieste Ist. Nautico;2020;6;22;-;-;-;-;-;-;-;8;40;65;-;-
Trieste Ist. Nautico;2020;6;23;-;-;-;-;-;-;-;12;37;83;-;-
Trieste Ist. Nautico;2020;6;24;-;-;-;-;-;-;-;8;31;48;-;-
Trieste Ist. Nautico;2020;6;25;-;-;-;-;-;-;-;16;42;125;-;-
Trieste Ist. Nautico;2020;6;26;-;-;-;-;-;-;-;8;39;89;-;-
Trieste Ist. Nautico;2020;6;27;-;-;-;-;-;-;-;7;22;315;-;-
Trieste Ist. Nautico;2020;6;28;-;-;-;-;-;-;-;7;21;278;-;-
Trieste Ist. Nautico;2020;6;29;-;-;-;-;-;-;-;12;49;356;-;-
Trieste Ist. Nautico;2020;6;30;-;-;-;-;-;-;-;10;34;93;-;-
Trieste Ist. Nautico;2020;7;1;-;-;-;-;-;-;-;8;27;284;-;-
Trieste Ist. Nautico;2020;7;2;-;-;-;-;-;-;-;7;24;312;-;-
Trieste Ist. Nautico;2020;7;3;-;-;-;-;-;-;-;28;78;55;-;-
Trieste Ist. Nautico;2020;7;4;-;-;-;-;-;-;-;22;63;68;-;-
Trieste Ist. Nautico;2020;7;5;-;-;-;-;-;-;-;13;41;49;-;-
Trieste Ist. Nautico;2020;7;6;-;-;-;-;-;-;-;11;85;90;-;-
Trieste Ist. Nautico;2020;7;7;-;-;-;-;-;-;-;27;88;46;-;-
Trieste Ist. Nautico;2020;7;8;-;-;-;-;-;-;-;9;30;104;-;-
Trieste Ist. Nautico;2020;7;9;-;-;-;-;-;-;-;6;21;257;-;-
Trieste Ist. Nautico;2020;7;10;-;-;-;-;-;-;-;7;20;5;-;-
Trieste Ist. Nautico;2020;7;11;-;-;-;-;-;-;-;15;78;65;-;-
Trieste Ist. Nautico;2020;7;12;-;-;-;-;-;-;-;30;80;67;-;-
Trieste Ist. Nautico;2020;7;13;-;-;-;-;-;-;-;17;50;50;-;-
Trieste Ist. Nautico;2020;7;14;-;-;-;-;-;-;-;14;39;92;-;-
Trieste Ist. Nautico;2020;7;15;-;-;-;-;-;-;-;9;38;310;-;-
Trieste Ist. Nautico;2020;7;16;-;-;-;-;-;-;-;9;28;259;-;-
Trieste Ist. Nautico;2020;7;17;-;-;-;-;-;-;-;19;57;87;-;-
Trieste Ist. Nautico;2020;7;18;-;-;-;-;-;-;-;10;34;336;-;-
Trieste Ist. Nautico;2020;7;19;-;-;-;-;-;-;-;10;31;102;-;-
Trieste Ist. Nautico;2020;7;20;-;-;-;-;-;-;-;6;21;325;-;-
Trieste Ist. Nautico;2020;7;21;-;-;-;-;-;-;-;6;18;309;-;-
Trieste Ist. Nautico;2020;7;22;-;-;-;-;-;-;-;10;53;100;-;-
Trieste Ist. Nautico;2020;7;23;-;-;-;-;-;-;-;11;118;210;-;-
Trieste Ist. Nautico;2020;7;24;-;-;-;-;-;-;-;14;69;312;-;-
Trieste Ist. Nautico;2020;7;25;-;-;-;-;-;-;-;7;24;278;-;-
Trieste Ist. Nautico;2020;7;26;-;-;-;-;-;-;-;6;19;17;-;-
Trieste Ist. Nautico;2020;7;27;-;-;-;-;-;-;-;7;37;151;-;-
Trieste Ist. Nautico;2020;7;28;-;-;-;-;-;-;-;7;25;151;-;-
Trieste Ist. Nautico;2020;7;29;-;-;-;-;-;-;-;8;45;70;-;-
Trieste Ist. Nautico;2020;7;30;-;-;-;-;-;-;-;8;40;96;-;-
Trieste Ist. Nautico;2020;7;31;-;-;-;-;-;-;-;7;29;99;-;-
Trieste Ist. Nautico;2020;8;1;-;-;-;-;-;-;-;8;26;289;-;-
Trieste Ist. Nautico;2020;8;2;-;-;-;-;-;-;-;15;53;83;-;-
Trieste Ist. Nautico;2020;8;3;-;-;-;-;-;-;-;12;86;146;-;-
Trieste Ist. Nautico;2020;8;4;-;-;-;-;-;-;-;16;87;62;-;-
Trieste Ist. Nautico;2020;8;5;-;-;-;-;-;-;-;22;80;67;-;-
Trieste Ist. Nautico;2020;8;6;-;-;-;-;-;-;-;17;50;51;-;-
Trieste Ist. Nautico;2020;8;7;-;-;-;-;-;-;-;15;56;62;-;-
Trieste Ist. Nautico;2020;8;8;-;-;-;-;-;-;-;14;57;86;-;-
Trieste Ist. Nautico;2020;8;9;-;-;-;-;-;-;-;9;33;97;-;-
Trieste Ist. Nautico;2020;8;10;-;-;-;-;-;-;-;8;27;142;-;-
Trieste Ist. Nautico;2020;8;11;-;-;-;-;-;-;-;10;-;58;-;-
Trieste Ist. Nautico;2020;8;12;-;-;-;-;-;-;-;9;35;99;-;-
Trieste Ist. Nautico;2020;8;13;-;-;-;-;-;-;-;7;21;323;-;-
Trieste Ist. Nautico;2020;8;14;-;-;-;-;-;-;-;11;58;280;-;-
Trieste Ist. Nautico;2020;8;15;-;-;-;-;-;-;-;9;37;103;-;-
Trieste Ist. Nautico;2020;8;16;-;-;-;-;-;-;-;7;22;254;-;-
Trieste Ist. Nautico;2020;8;17;-;-;-;-;-;-;-;9;67;296;-;-
Trieste Ist. Nautico;2020;8;18;-;-;-;-;-;-;-;8;40;190;-;-
Trieste Ist. Nautico;2020;8;19;-;-;-;-;-;-;-;7;25;324;-;-
Trieste Ist. Nautico;2020;8;20;-;-;-;-;-;-;-;6;21;338;-;-
Trieste Ist. Nautico;2020;8;21;-;-;-;-;-;-;-;6;19;336;-;-
Trieste Ist. Nautico;2020;8;22;-;-;-;-;-;-;-;7;21;279;-;-
Trieste Ist. Nautico;2020;8;23;-;-;-;-;-;-;-;24;68;75;-;-
Trieste Ist. Nautico;2020;8;24;-;-;-;-;-;-;-;28;74;81;-;-
Trieste Ist. Nautico;2020;8;25;-;-;-;-;-;-;-;12;62;71;-;-
Trieste Ist. Nautico;2020;8;26;-;-;-;-;-;-;-;6;23;299;-;-
Trieste Ist. Nautico;2020;8;27;-;-;-;-;-;-;-;8;32;112;-;-
Trieste Ist. Nautico;2020;8;28;-;-;-;-;-;-;-;7;35;147;-;-
Trieste Ist. Nautico;2020;8;29;-;-;-;-;-;-;-;14;58;339;-;-
Trieste Ist. Nautico;2020;8;30;-;-;-;-;-;-;-;10;40;113;-;-
Trieste Ist. Nautico;2020;8;31;-;-;-;-;-;-;-;17;78;72;-;-
Trieste Ist. Nautico;2020;9;1;-;-;-;-;-;-;-;9;57;67;-;-
Trieste Ist. Nautico;2020;9;2;-;-;-;-;-;-;-;12;31;107;-;-
Trieste Ist. Nautico;2020;9;3;-;-;-;-;-;-;-;15;50;89;-;-
Trieste Ist. Nautico;2020;9;4;-;-;-;-;-;-;-;8;24;281;-;-
Trieste Ist. Nautico;2020;9;5;-;-;-;-;-;-;-;6;20;278;-;-
Trieste Ist. Nautico;2020;9;6;-;-;-;-;-;-;-;7;22;255;-;-
Trieste Ist. Nautico;2020;9;7;-;-;-;-;-;-;-;22;61;66;-;-
Trieste Ist. Nautico;2020;9;8;-;-;-;-;-;-;-;23;78;77;-;-
Trieste Ist. Nautico;2020;9;9;-;-;-;-;-;-;-;9;37;128;-;-
Trieste Ist. Nautico;2020;9;10;-;-;-;-;-;-;-;9;36;94;-;-
Trieste Ist. Nautico;2020;9;11;-;-;-;-;-;-;-;18;57;79;-;-
Trieste Ist. Nautico;2020;9;12;-;-;-;-;-;-;-;22;57;65;-;-
Trieste Ist. Nautico;2020;9;13;-;-;-;-;-;-;-;13;50;67;-;-
Trieste Ist. Nautico;2020;9;14;-;-;-;-;-;-;-;23;63;75;-;-
Trieste Ist. Nautico;2020;9;15;-;-;-;-;-;-;-;22;63;62;-;-
Trieste Ist. Nautico;2020;9;16;-;-;-;-;-;-;-;11;40;92;-;-
Trieste Ist. Nautico;2020;9;17;-;-;-;-;-;-;-;21;70;69;-;-
Trieste Ist. Nautico;2020;9;18;-;-;-;-;-;-;-;33;82;73;-;-
Trieste Ist. Nautico;2020;9;19;-;-;-;-;-;-;-;22;69;70;-;-
Trieste Ist. Nautico;2020;9;20;-;-;-;-;-;-;-;8;29;104;-;-
Trieste Ist. Nautico;2020;9;21;-;-;-;-;-;-;-;6;19;125;-;-
Trieste Ist. Nautico;2020;9;22;-;-;-;-;-;-;-;6;30;128;-;-
Trieste Ist. Nautico;2020;9;23;-;-;-;-;-;-;-;9;31;244;-;-
Trieste Ist. Nautico;2020;9;24;-;-;-;-;-;-;-;9;39;150;-;-
Trieste Ist. Nautico;2020;9;25;-;-;-;-;-;-;-;13;50;238;-;-
Trieste Ist. Nautico;2020;9;26;-;-;-;-;-;-;-;15;75;35;-;-
Trieste Ist. Nautico;2020;9;27;-;-;-;-;-;-;-;19;80;54;-;-
Trieste Ist. Nautico;2020;9;28;-;-;-;-;-;-;-;17;90;65;-;-
Trieste Ist. Nautico;2020;9;29;-;-;-;-;-;-;-;8;28;91;-;-
Trieste Ist. Nautico;2020;9;30;-;-;-;-;-;-;-;7;22;286;-;-
Trieste Ist. Nautico;2020;10;1;-;-;-;-;-;-;-;7;26;126;-;-
Trieste Ist. Nautico;2020;10;2;-;-;-;-;-;-;-;10;34;136;-;-
Trieste Ist. Nautico;2020;10;3;-;-;-;-;-;-;-;13;49;144;-;-
Trieste Ist. Nautico;2020;10;4;-;-;-;-;-;-;-;13;47;225;-;-
Trieste Ist. Nautico;2020;10;5;-;-;-;-;-;-;-;13;43;254;-;-
Trieste Ist. Nautico;2020;10;6;-;-;-;-;-;-;-;11;29;113;-;-
Trieste Ist. Nautico;2020;10;7;-;-;-;-;-;-;-;15;70;43;-;-
Trieste Ist. Nautico;2020;10;8;-;-;-;-;-;-;-;6;18;115;-;-
Trieste Ist. Nautico;2020;10;9;-;-;-;-;-;-;-;6;18;316;-;-
Trieste Ist. Nautico;2020;10;10;-;-;-;-;-;-;-;6;21;123;-;-
Trieste Ist. Nautico;2020;10;11;-;-;-;-;-;-;-;35;100;75;-;-
Trieste Ist. Nautico;2020;10;12;-;-;-;-;-;-;-;28;73;65;-;-
Trieste Ist. Nautico;2020;10;13;-;-;-;-;-;-;-;10;28;251;-;-
Trieste Ist. Nautico;2020;10;14;-;-;-;-;-;-;-;9;26;224;-;-
Trieste Ist. Nautico;2020;10;15;-;-;-;-;-;-;-;28;80;79;-;-
Trieste Ist. Nautico;2020;10;16;-;-;-;-;-;-;-;15;52;89;-;-
Trieste Ist. Nautico;2020;10;17;-;-;-;-;-;-;-;8;39;100;-;-
Trieste Ist. Nautico;2020;10;18;-;-;-;-;-;-;-;6;42;330;-;-
Trieste Ist. Nautico;2020;10;19;-;-;-;-;-;-;-;8;22;279;-;-
Trieste Ist. Nautico;2020;10;20;-;-;-;-;-;-;-;8;22;320;-;-
Trieste Ist. Nautico;2020;10;21;-;-;-;-;-;-;-;9;23;320;-;-
Trieste Ist. Nautico;2020;10;22;-;-;-;-;-;-;-;8;28;265;-;-
Trieste Ist. Nautico;2020;10;23;-;-;-;-;-;-;-;6;21;115;-;-
Trieste Ist. Nautico;2020;10;24;-;-;-;-;-;-;-;8;25;128;-;-
Trieste Ist. Nautico;2020;10;25;-;-;-;-;-;-;-;9;23;267;-;-
Trieste Ist. Nautico;2020;10;26;-;-;-;-;-;-;-;12;41;207;-;-
Trieste Ist. Nautico;2020;10;27;-;-;-;-;-;-;-;9;41;132;-;-
Trieste Ist. Nautico;2020;10;28;-;-;-;-;-;-;-;6;19;320;-;-
Trieste Ist. Nautico;2020;10;29;-;-;-;-;-;-;-;6;19;156;-;-
Trieste Ist. Nautico;2020;10;30;-;-;-;-;-;-;-;6;19;148;-;-
Trieste Ist. Nautico;2020;10;31;-;-;-;-;-;-;-;6;20;87;-;-
Trieste Ist. Nautico;2020;11;1;-;-;-;-;-;-;-;6;20;163;-;-
Trieste Ist. Nautico;2020;11;2;-;-;-;-;-;-;-;6;27;261;-;-
Trieste Ist. Nautico;2020;11;3;-;-;-;-;-;-;-;5;16;91;-;-
Trieste Ist. Nautico;2020;11;4;-;-;-;-;-;-;-;16;68;61;-;-
Trieste Ist. Nautico;2020;11;5;-;-;-;-;-;-;-;34;87;55;-;-
Trieste Ist. Nautico;2020;11;6;-;-;-;-;-;-;-;21;72;80;-;-
Trieste Ist. Nautico;2020;11;7;-;-;-;-;-;-;-;8;40;90;-;-
Trieste Ist. Nautico;2020;11;8;-;-;-;-;-;-;-;6;18;345;-;-
Trieste Ist. Nautico;2020;11;9;-;-;-;-;-;-;-;7;35;104;-;-
Trieste Ist. Nautico;2020;11;10;-;-;-;-;-;-;-;19;57;90;-;-
Trieste Ist. Nautico;2020;11;11;-;-;-;-;-;-;-;17;45;61;-;-
Trieste Ist. Nautico;2020;11;12;-;-;-;-;-;-;-;6;19;72;-;-
Trieste Ist. Nautico;2020;11;13;-;-;-;-;-;-;-;6;19;325;-;-
Trieste Ist. Nautico;2020;11;14;-;-;-;-;-;-;-;5;18;123;-;-
Trieste Ist. Nautico;2020;11;15;-;-;-;-;-;-;-;6;23;279;-;-
Trieste Ist. Nautico;2020;11;16;-;-;-;-;-;-;-;17;87;81;-;-
Trieste Ist. Nautico;2020;11;17;-;-;-;-;-;-;-;16;64;55;-;-
Trieste Ist. Nautico;2020;11;18;-;-;-;-;-;-;-;10;42;112;-;-
Trieste Ist. Nautico;2020;11;19;-;-;-;-;-;-;-;6;55;109;-;-
Trieste Ist. Nautico;2020;11;20;-;-;-;-;-;-;-;35;96;71;-;-
Trieste Ist. Nautico;2020;11;21;-;-;-;-;-;-;-;22;74;83;-;-
Trieste Ist. Nautico;2020;11;22;-;-;-;-;-;-;-;12;51;77;-;-
Trieste Ist. Nautico;2020;11;23;-;-;-;-;-;-;-;6;24;103;-;-
Trieste Ist. Nautico;2020;11;24;-;-;-;-;-;-;-;20;70;103;-;-
Trieste Ist. Nautico;2020;11;25;-;-;-;-;-;-;-;9;32;118;-;-
Trieste Ist. Nautico;2020;11;26;-;-;-;-;-;-;-;6;16;110;-;-
Trieste Ist. Nautico;2020;11;27;-;-;-;-;-;-;-;6;22;330;-;-
Trieste Ist. Nautico;2020;11;28;-;-;-;-;-;-;-;9;54;68;-;-
Trieste Ist. Nautico;2020;11;29;-;-;-;-;-;-;-;27;73;78;-;-
Trieste Ist. Nautico;2020;11;30;-;-;-;-;-;-;-;26;74;67;-;-
Trieste Ist. Nautico;2020;12;1;-;-;-;-;-;-;-;24;77;68;-;-
Trieste Ist. Nautico;2020;12;2;-;-;-;-;-;-;-;40;92;76;-;-
Trieste Ist. Nautico;2020;12;3;-;-;-;-;-;-;-;18;75;80;-;-
Trieste Ist. Nautico;2020;12;4;-;-;-;-;-;-;-;12;42;142;-;-
Trieste Ist. Nautico;2020;12;5;-;-;-;-;-;-;-;19;69;179;-;-
Trieste Ist. Nautico;2020;12;6;-;-;-;-;-;-;-;13;58;129;-;-
Trieste Ist. Nautico;2020;12;7;-;-;-;-;-;-;-;10;55;283;-;-
Trieste Ist. Nautico;2020;12;8;-;-;-;-;-;-;-;19;66;112;-;-
Trieste Ist. Nautico;2020;12;9;-;-;-;-;-;-;-;26;73;83;-;-
Trieste Ist. Nautico;2020;12;10;-;-;-;-;-;-;-;10;26;131;-;-
Trieste Ist. Nautico;2020;12;11;-;-;-;-;-;-;-;8;24;99;-;-
Trieste Ist. Nautico;2020;12;12;-;-;-;-;-;-;-;10;42;111;-;-
Trieste Ist. Nautico;2020;12;13;-;-;-;-;-;-;-;13;51;74;-;-
Trieste Ist. Nautico;2020;12;14;-;-;-;-;-;-;-;7;28;94;-;-
Trieste Ist. Nautico;2020;12;15;-;-;-;-;-;-;-;6;22;309;-;-
Trieste Ist. Nautico;2020;12;16;-;-;-;-;-;-;-;7;24;249;-;-
Trieste Ist. Nautico;2020;12;17;-;-;-;-;-;-;-;5;17;30;-;-
Trieste Ist. Nautico;2020;12;18;-;-;-;-;-;-;-;5;14;151;-;-
Trieste Ist. Nautico;2020;12;19;-;-;-;-;-;-;-;6;19;291;-;-
Trieste Ist. Nautico;2020;12;20;-;-;-;-;-;-;-;5;17;96;-;-
Trieste Ist. Nautico;2020;12;21;-;-;-;-;-;-;-;6;31;266;-;-
Trieste Ist. Nautico;2020;12;22;-;-;-;-;-;-;-;5;15;289;-;-
Trieste Ist. Nautico;2020;12;23;-;-;-;-;-;-;-;4;16;296;-;-
Trieste Ist. Nautico;2020;12;24;-;-;-;-;-;-;-;5;26;119;-;-
Trieste Ist. Nautico;2020;12;25;-;-;-;-;-;-;-;25;96;108;-;-
Trieste Ist. Nautico;2020;12;26;-;-;-;-;-;-;-;36;94;50;-;-
Trieste Ist. Nautico;2020;12;27;-;-;-;-;-;-;-;27;97;83;-;-
Trieste Ist. Nautico;2020;12;28;-;-;-;-;-;-;-;16;59;132;-;-
Trieste Ist. Nautico;2020;12;29;-;-;-;-;-;-;-;11;46;226;-;-
Trieste Ist. Nautico;2020;12;30;-;-;-;-;-;-;-;6;24;102;-;-
Trieste Ist. Nautico;2020;12;31;-;-;-;-;-;-;-;11;48;81;-;-
