yy;mm;dd;1;2;3;4;5;6;7;8;9;10;11;12;13;14;15;16;18;19;20;21;22;23;25;26;27;28;29;31;32;33;34;35;36;37;39;40;41;42;43;44;45;46;47;48;49;50;51;52;53
2020;1;1;12.2;8.1;12.7;NA;11.9;11;11.9;11.7;13.1;4.6;13.2;13.7;4.6;11.4;12;9.1;11.8;10.9;13.8;11.5;11.7;12.2;13.2;12.5;11.6;14.2;5.7;6.5;7.3;13.1;8.7;7.1;12.3;7.7;11;13.9;13;10.8;NA;5.7;12.7;12.6;5.6;14.4;10.9;NA;13.4;12.6;11.1
2020;1;2;12.2;7.6;12.7;NA;11;13.8;12.2;12.1;12.8;4.3;12.7;13.1;5.4;12.9;12.3;11;12.4;11.1;11.7;12.7;10.7;13;10.6;12.8;10.1;13.4;7;7.9;10;12.3;12;8;11.5;8.1;10;13.7;13.1;12.5;NA;6.2;14.1;12.3;5.8;12.7;10.9;NA;12.4;13;11.8
2020;1;3;9.9;6.6;11.1;NA;10.8;11.6;10;9.2;12.2;8.1;10.4;12.1;5.9;11.8;10.3;8;10.6;9.3;10.4;10.2;8.7;11.6;9.9;11.5;8.8;11.8;8;7.3;5.7;11.2;9.7;6.7;9.4;6.4;9;12.1;11.4;10.1;NA;5.7;12.3;10.4;8.2;10.7;9;NA;10.2;11.2;10
2020;1;4;10.1;8.2;11.5;NA;11.5;11;9.8;9.1;10.1;6;10.5;10.9;11.8;12.1;10.1;9.5;11.2;11;9.9;11.7;9.2;10.7;9.2;10.4;12.2;11.3;3.6;3.4;3.5;13.1;11.2;5.9;9.3;6.8;8.1;13.4;10.7;10.6;NA;5.5;12.2;10.1;5;10.6;10.9;NA;12.2;12;11
2020;1;5;13.6;10.6;13.7;NA;12.4;12.5;12.2;13;14;7.1;13.8;14.6;12.4;13.5;13.3;10.1;12.2;10.1;12.7;12.8;13.4;13.2;12.5;13.4;12.3;14;-0.4;1.9;1.8;13.7;10.5;3.5;12.9;5.2;11.6;13.9;13.8;12.1;NA;5.5;13.3;13.2;7.1;14.5;11.1;NA;13.5;13;11.7
2020;1;6;8.8;5.7;8.9;NA;7.2;7.4;7.5;7.8;8.5;1.9;10.1;10.2;3.2;8.1;7.8;5.9;7.1;5.1;9.6;6.8;8.3;8.7;9.3;8.5;7.5;9.8;4.8;2.2;2.9;9.4;5.5;4.1;8.7;2.5;6.6;8.8;8.7;7.9;NA;4.5;8.4;8.8;2.3;10.2;6.4;NA;8.8;7.7;6.1
2020;1;7;6.4;4.3;8.3;NA;7.5;7.1;5.7;6.6;8.4;4.3;5.2;5.9;4.9;8.3;6.9;5.9;6.3;9.9;6.1;6.6;5.1;6.2;9.7;7.8;6.1;10.1;4.1;5.1;3.2;10.8;8.5;6.6;5.3;6.8;5.7;8;7.4;8.1;NA;4.3;8.2;6.5;2.6;6;6.4;NA;10.6;8.1;5.5
2020;1;8;12.1;7.2;13.8;NA;10.9;12.1;11.7;10.8;13.9;3.2;12.7;13.3;4.5;11.1;12;10.4;11.9;8.7;12.9;11.7;11.9;13.3;11.5;12.9;11;14.4;6;5.9;5;12.7;8.4;6;11.8;6.2;11.9;12.9;13.1;10.6;NA;4.3;12.9;12.7;4.8;13.1;10.5;NA;11.6;12.6;10.9
2020;1;9;12.2;11.3;12.4;NA;12;11.8;12.2;12;12;10.9;12.2;13.6;6.2;12.6;12;10.5;11.3;11.5;11.7;12.1;11.4;11.8;11;11.8;11.2;11.1;7.2;7.4;7.8;11.4;11.5;7.9;11.3;8.1;11.8;12.9;12.7;11.6;NA;7;11.9;12.1;10.2;12.4;11.6;NA;10.2;11.5;10.9
2020;1;10;7.7;6.7;8.6;NA;9.2;10;10;8.7;9.4;6.1;7.9;8.3;2.9;9.7;8.9;6.6;8.7;5.4;9.4;9.3;8.4;9.3;9.6;8.4;8.5;9.3;3.9;1.4;1.5;11.3;7.3;4.1;7.7;1.7;9.4;9.7;10;10.1;NA;2.8;10.3;7.9;6;9.7;8.1;NA;10.4;8.7;9.2
2020;1;11;15.8;7.6;16.1;NA;15.2;13.8;16.2;15.6;16.3;7;16.5;17;6.2;16.1;16.3;13.2;16.1;10.3;15.8;15.2;14.8;15.7;15.1;16.8;13.9;16.5;1;4.7;1.7;16.2;13;5.7;15.8;5.9;13.9;16.7;17.4;14.9;NA;4;14.6;16.1;7;17.5;13.4;NA;15.5;16.4;15.4
2020;1;12;10.8;6.8;11.8;NA;10.3;10.5;10.7;10.4;11.8;3.5;11;11.9;2.9;11.2;10.7;8.7;10.7;7.9;10.7;10.1;10.2;11.3;10.6;11.6;10.1;11.8;5.1;5.2;7.2;11.3;7.5;6.5;10.3;5.6;10;12.5;11.4;11.1;NA;2.2;11.3;11.2;3.1;11.7;9.4;NA;11.3;11.3;9.7
2020;1;13;11.3;7.6;11.2;NA;10.2;8.8;11;11.4;11.7;7.6;11.2;11.9;7.4;11;10.9;7.7;10.1;6.3;11.1;10.2;10.4;11.6;11.1;10.9;8.9;11.4;4.4;3.5;4.1;11.2;7.8;4.6;11.2;3.3;10.3;11.3;12;10.6;NA;3.3;9.8;11.4;5.1;12.9;8.8;NA;10.2;10.3;9.7
2020;1;14;9.6;5.8;9.8;NA;8;7.7;9.6;9.2;9.4;4.2;8.8;9.9;4.1;9;9.2;6.4;8.8;4.3;8.8;7.6;7;9.3;8.9;8.9;6.8;9.8;2.4;-0.2;0.8;9.1;5.1;-0.7;8.6;-1;8.7;9.4;10.2;8.4;NA;1.3;7.7;9.6;4.8;9.8;7.1;NA;8.5;8.8;8.6
2020;1;15;8.2;5.8;9.6;NA;9.2;9.1;9.1;8.4;7;6.4;7.8;7.8;3.1;8.7;8.5;6;8.7;5.4;9;8.7;6.9;7.2;8.9;9;7.1;9.6;3.2;0.6;1.9;10.5;6.8;1.6;7.1;1.1;8.5;9.9;10.3;8.9;NA;2.5;8.5;7.9;6.8;9;7.7;NA;9.8;8.7;8.2
2020;1;16;12;7.4;12.7;NA;10.6;11.4;12.1;11.3;13.4;5.2;12.1;12.9;5;13.1;12.3;11;13;10.7;11.1;11.5;10.3;12.8;11.5;12.8;9.5;12.9;4.1;5.4;5.9;12.2;10.9;4.6;11.3;5.6;10.3;13.4;14.5;12.6;NA;4.9;11.9;12.2;6.8;12.7;10.5;NA;12.1;12.8;13
2020;1;17;13.2;7.4;13.9;NA;13.3;12.4;13.6;13.3;14.2;8;13.2;13.9;6.8;14.2;13.5;9.8;13.2;8.5;12.7;13.1;12.9;13.7;13.7;13.7;10.7;12.3;1.2;1;2.9;12.4;10.5;3;13.1;2.9;13.1;14.6;14.7;13.5;NA;4.5;12.6;13.3;7.4;13.5;11.6;NA;12.4;13.2;12.8
2020;1;18;8.4;3.7;8.3;NA;10.2;7.8;8.4;8.5;8.8;2.2;8.3;8.9;7.1;7.8;8.9;6.9;9.4;5.9;8.8;11.2;7.5;7.7;10.1;8.5;8.8;10;-1.6;-0.2;-0.8;11.5;7.8;1.5;8.1;2.5;8.8;8.5;9.6;7.2;NA;4;8.7;8.5;1.6;9.3;8.1;NA;10.7;8.2;9.8
2020;1;19;11.5;6.9;11.9;NA;11.3;10;11.3;10.8;11.6;4.2;11.5;12.4;5.7;11.3;11;9.4;10.1;5.9;12.4;11.8;11.4;11.6;11.7;11.6;10.4;13.3;-5.2;-1.2;-4.1;11;8.7;-0.1;11.8;1.3;10.8;12.2;11.7;11.1;NA;2.8;9.7;11.5;3.5;12.7;10.6;NA;10.5;11.5;10.4
2020;1;20;10.7;8.2;11.1;NA;10.6;7.2;10.7;10.4;10.2;2.8;11.2;11.2;7.3;10.6;10.6;8.4;10.1;4.8;9.7;10.8;10.4;10.2;9.6;10.3;9.3;10.4;-5.9;-1;-4.5;9.4;8.1;-1;11;0.4;10.2;10.8;11.1;10;NA;1;8.3;10.7;3.2;11.7;9.6;NA;9.1;10.3;9.7
2020;1;21;9.6;8;10;NA;10;9.6;9.7;9.5;10.5;3.5;10.2;11.1;3.2;10.2;9.7;8.2;9;9.5;9.7;9.7;9.1;10.2;9.7;10;8.4;10.5;5.9;6.8;8.5;10.6;8.8;6.9;9.8;7;8.3;10.6;10.2;10.7;NA;5.5;10.2;9.8;3.3;10.8;9;NA;9;9.7;8.3
2020;1;22;9.5;8.1;10;NA;9.8;9.1;9;9.1;10.4;10.9;10.1;11;3.8;10;9.3;7.7;9.2;10.3;9.8;9.3;9.2;10.1;10.3;9.5;8.8;9.7;8.9;8.2;7.5;9.5;8.9;8.6;9.9;8.4;8.5;10.1;10.3;9.5;NA;9;9.5;9.6;9.7;10.9;8.5;NA;8.6;9.1;8.6
2020;1;23;11.2;9;11.6;NA;11.6;7.6;11.1;11;10.4;3.6;11.7;12;4.3;8.9;11.3;9.2;10.9;10.2;11;11.1;11;10.9;10.6;11;9.9;11.7;5.4;7.2;6.1;10.8;8.8;6.9;12.1;6.6;10.6;10.2;11.6;8.5;NA;7.1;9.2;11.7;3.5;12.5;10.4;NA;11.1;10.2;10.3
2020;1;24;11.1;8.3;11.5;NA;10.5;10.3;9.7;10.8;11.7;8.3;12;13;5.1;11.1;10.7;8.1;10.2;8.2;10.8;10.3;10.4;11.8;10.5;11.5;8.6;10.2;4.1;3.1;5.5;10.1;9.2;4.6;11.8;4.5;9.7;11.7;11.7;10.5;NA;5.8;10.7;11.2;9;12.3;9.6;NA;9.4;10.7;9.4
2020;1;25;11.4;11.4;11.3;NA;10;10.2;12;11.3;10.3;8.2;10.7;11;8.9;11.7;11.4;9.7;11;6.4;11.6;11.6;10.3;10.2;10.8;11.4;9.6;11.7;1.8;-0.3;1.1;10.9;9.8;3.9;11.5;3.9;12.4;11.9;12.2;12.5;NA;4.5;10.6;11.5;6.8;11.7;9.2;NA;10.3;11.7;12.2
2020;1;26;9.7;7.9;9.3;NA;10.1;8.4;11.3;9.7;8.8;6.4;9.7;9.9;9;8.7;10.1;9.5;8.6;7.2;9.6;10;9.4;9;10.4;8.9;8.7;10.6;1.4;-0.3;-0.3;10.1;7.7;2;9.2;2;10.8;9.4;10.4;8.7;NA;4.3;8.3;9.6;6.7;10.7;9.3;NA;9.6;9;10.1
2020;1;27;12.3;9.3;11.2;NA;10.1;9.8;11.6;11.3;9.7;8.6;11.4;12.2;8.4;11.3;12.1;9.5;10.2;9.3;11.7;10.3;11.2;10.3;10.3;11.1;9.3;NA;2.9;0.9;3.4;10.3;5.6;4.5;12;3.9;10.2;11.8;11.3;9.2;NA;6.8;9.6;12.5;9.7;12.7;10;NA;9.6;10.6;9.9
2020;1;28;9.4;5.7;10.1;NA;8.3;9.7;9.2;8.4;9.9;6.5;11.3;11.2;5.7;9.2;9;6.3;8.4;3.7;11.6;8.9;9.5;10.8;12.8;9.5;11;NA;1.3;-0.4;-1.2;14.3;5.8;3.5;9.6;3.4;8.3;9.8;9.4;9.2;NA;2;9.8;10;8.4;12.3;7.8;NA;13.9;9.4;7.7
2020;1;29;11.7;9.1;12.5;NA;11.2;11.4;12.3;11.4;12.7;4.3;12.3;13.2;7.4;12.1;11.4;9.3;11.5;8.2;12;10.9;11;12.5;10.1;12.1;9.9;NA;-0.9;-1;-0.9;11.8;8.8;2.5;12;4.3;11.1;12.6;12.4;13.2;NA;3.2;12;11.9;7.9;14.1;9.9;NA;10.8;11.6;11
2020;1;30;12.9;10.3;13.3;NA;12.1;11.3;12.6;12.8;13.2;7;13.4;14.1;NA;12.9;12.8;9.8;12;7.8;12;12.2;12.3;13;11.5;12.7;10.9;12;0.5;-1.3;-0.6;11.7;9.5;1.9;13.7;2.5;12.2;13.2;13.3;12.6;NA;4.3;11.6;13.4;8.3;15.7;10.9;NA;11.8;12.6;12.3
2020;1;31;11.2;10.4;11.6;NA;11.7;10.8;12.3;11.6;11.8;8.3;11.5;12.1;9.6;11.9;11.3;10.1;11;8.6;10.5;11;11.2;11.5;9.9;11.2;9.8;10.8;7.6;4.2;6.1;10.6;7.9;3.1;11.5;3.5;11.9;11.6;12.4;11.7;NA;6.6;11.6;11.8;10.2;14.4;10.9;NA;11.1;11.2;11
2020;2;1;10;9;9.3;NA;12.2;9;10;9.8;9.8;10.5;10.1;10.1;10.1;9.4;9.7;10.4;10.4;8.8;9.7;11.5;9.9;9.8;9.6;9.1;9.2;9.9;3.8;1.5;3;10.5;9.2;4.7;10.3;5.3;9.9;9.6;11.5;9.3;NA;6.5;8.8;9.8;11;13.2;11.5;NA;10.1;9.5;11
2020;2;2;10.5;8.6;10;NA;9.9;9.4;10.8;9.6;9.7;8.5;10.4;10.6;8.6;9.6;10;9.6;8.7;8.1;10.2;8.9;10.2;10;10.3;9.7;9;10.3;8.1;6.8;6.8;11.2;7.7;9.6;11.1;5;10.3;10.4;10.2;9.3;NA;6.3;9.2;10.3;7.9;13.3;9.6;NA;10.7;9.6;9.6
2020;2;3;10.8;9.3;10.6;NA;10.8;11.3;12.5;11.1;10.3;8.5;10.3;10.5;10.5;10.8;11.2;10.4;11.3;8.9;9.9;10.4;10.2;10;10.6;10.4;9.5;10.4;9.8;8.2;9.4;10.7;9.2;13.7;11.2;10.7;11.4;11.1;11.5;11;NA;4.9;11.5;10.7;10.2;13.5;10.9;NA;10.3;10.6;10.6
2020;2;4;11.8;13.6;12.2;NA;14.7;11.3;16.4;11.6;13.1;9.6;11.9;11.8;13;13;11.6;13.2;11.2;8.7;10.8;14.6;11.9;11.4;12.6;12.2;12.8;11.7;3.8;2.8;1.6;12.2;10.7;3.2;12.6;5.5;13;12.8;12;14.1;NA;4.5;11.9;12.1;8.2;15.2;13.5;NA;12;11.9;12.2
2020;2;5;11.7;10.1;11.9;NA;10;11.2;14.1;12.3;12.8;3.5;13.4;13.9;10.7;12.4;12.2;8.4;10.1;3.6;12.8;9.7;12;12.8;12.7;12.1;11.1;13.6;-6;-3.2;-5.2;12.6;6.7;-1.6;12.1;0.4;12.8;12.5;12.7;11.8;NA;-0.7;10.7;11.3;4.8;14.8;9;NA;12.4;11.1;11.5
2020;2;6;12.5;9.9;12;NA;11.6;9.5;13.1;13.1;12.2;8;12.1;12.6;11.9;11.8;12.3;10.2;11.3;7.5;10.9;11.5;12;11.8;10.4;11.6;12;11.7;0.9;1.6;1;10.9;8.9;2.5;12.7;3.2;12.1;12.3;12.9;11;NA;5.7;9.8;11.9;8.2;13.9;11.4;NA;10.4;11.8;11.1
2020;2;7;12.7;10.9;13.3;NA;12.7;12.3;12.8;12.5;14.4;7.5;13.1;14.4;10.2;13.7;12.5;10.7;12.5;10.2;13;12.2;11.7;13.5;12.5;12.7;10.8;11.8;6.1;5.2;6.8;12;11.5;6.1;13.1;6.5;11.9;13.9;13.1;13.3;NA;8;12.6;13.2;7.6;14.8;11.5;NA;10.8;12.9;12
2020;2;8;12.5;10.6;12.9;NA;12.3;10.8;12.7;13.1;12.7;8.8;12.9;13.5;11.4;12.7;12.4;10.3;12;9.3;12.7;12.1;11.7;12.6;12.2;12.3;10;11.5;3;1.9;3.1;11.6;9.8;3;12.3;3.4;11.9;13;13.2;12.6;NA;6.1;11.2;12.9;10.4;14.3;11.1;NA;10.8;12;11.6
2020;2;9;11.7;8.1;11.8;NA;10;10.1;11;11.2;11.7;6.1;12;12.9;9.5;10.6;10.7;8.4;9.9;6.7;12.1;10.2;10.9;11.8;10.9;10.9;9.4;11.2;0.1;-1.8;0;10.5;7.3;-0.1;11.6;0;10;10.9;11.2;10.2;NA;3.6;10.4;11.7;8;13.8;9;NA;9.8;10.3;9.6
2020;2;10;7.3;5.2;7.8;NA;7.3;9.4;6.9;6.7;7.6;8.2;8.2;8.9;6;7.4;7.1;5.2;6.8;4.2;8.1;6.3;7.3;7.8;9.8;7.5;9;8.7;2.5;1.7;0.5;13;4.7;5.6;7.7;5.5;6.6;7.4;7.5;6.7;NA;3.3;9;7.5;7.8;10.3;5.7;NA;11.4;7.3;6.3
2020;2;11;12.9;13.3;13.1;NA;13.3;11.5;14.3;13.4;13;9.4;12.6;14;13.8;13.5;13.2;15.3;13.1;12.7;11.3;13.5;10.9;13.1;10.8;12.6;9.6;12.2;3.7;3.2;3.5;11;11.8;6.9;12.4;7.2;13.4;13.7;14.3;13;NA;8;12.5;13.1;10.2;15.3;13.7;NA;11;12.7;13.7
2020;2;12;15;11.4;15.1;NA;12.8;13.6;14.4;14.6;15.4;5.7;15.7;16.3;12.6;14.3;14.1;13.7;13.3;9.1;15.4;12.9;14.4;15.8;13.5;15;12.8;13.6;-0.1;1.4;1.1;13.4;10.3;3;15.6;4.7;13.5;15;15.1;14.4;NA;4.4;14.1;15.1;8.6;18.4;12.3;NA;13.1;13.9;12.8
2020;2;13;13.9;11.2;14.1;NA;12.8;13.8;13.2;12.9;14.3;8.3;14.8;15.4;12.7;13.6;13.2;11.1;12.4;9.1;14.9;12.7;13.7;14.4;13.5;13.4;12;14.9;1.9;0.9;0.4;12.6;11.6;2.7;14.4;3;12.3;13.9;13.7;13.5;NA;6.2;13.8;14;10.4;NA;11.7;NA;12.1;13.3;12.2
2020;2;14;15;15.1;14.6;NA;17.9;14.4;15.4;15;14.7;11;14.3;15.2;16.9;14.4;14.2;16.1;13.4;12.2;13.6;14.3;14.7;14.5;11.5;14.1;12.2;14.3;2.3;4.5;3.8;12.3;14;5.5;15;7.1;14.5;14.9;15.7;14.6;NA;8.6;15.3;14.5;12.6;NA;17.1;NA;12.6;13.9;13.8
2020;2;15;15.8;12.9;15.8;NA;14.6;14.2;15.6;16.3;16.1;9.7;16.5;17;14.3;15.1;15.4;12.2;14.1;10.7;15.9;14.5;15.5;15.5;14;15.1;16.5;15.9;2.7;1.5;3.9;14.6;11.9;4.5;15.7;4.5;14.7;15.6;15.9;14.8;NA;8.5;14.3;16.1;11.1;NA;12.8;NA;13.7;14.5;14
2020;2;16;15.1;11.2;15;NA;12.5;13.7;14;15;14.9;9.1;15.4;16.3;11.3;14.4;14.3;11.4;13.3;10.2;14.8;13;14.4;15;12.6;14.5;14;12.9;5.8;1.2;3.1;12.9;9.2;3.5;15.6;3.5;13.6;14.3;15;13.7;NA;7.8;13.8;15.2;10.4;NA;12;NA;11.5;14.1;12.4
2020;2;17;9;9.1;9.2;NA;8.5;9.9;8.5;8;9.3;9.1;10.7;10.7;8.9;8.3;8.4;7.4;8;6.2;11.6;8.1;9.4;10.1;10.7;8.5;9.6;10.9;2.2;0.7;-1;11.9;6.1;1.7;9.7;1.6;8.1;8.6;8.8;7.7;NA;4.7;10;9.3;9.6;NA;8.1;NA;12;8.3;8.3
2020;2;18;15.7;14.7;15.8;NA;15.6;15.5;16.4;15.9;16;12.3;15.4;16.7;14.6;16.6;15.8;15.1;15.1;12.1;15.3;16;14.3;15.6;13.5;16.1;13.5;13.3;4.5;3.5;5.5;12.6;13.3;5.5;15.1;5.9;15.4;16.1;16.6;15.5;NA;10.8;16.2;15.2;12.7;NA;15.1;NA;12.6;15.5;14.7
2020;2;19;15.3;12;15.5;NA;13.7;13.2;15.4;15;15.4;6.8;14.9;16.5;13.1;14.7;14.8;11.9;13.9;8.8;14.2;14.4;14.2;15.3;11.5;15.1;12.2;14.3;0.2;0.7;-0.3;13.5;10.9;2.4;14.9;2.5;14.5;15.2;15.5;14.9;NA;5.4;13.7;15.2;9.1;NA;12.9;NA;13.1;14.1;14.2
2020;2;20;13.9;10.3;13.3;NA;12.3;11;14;13.9;13.2;7.8;13.3;14.2;12.2;12.3;13.4;10.4;11.7;8.6;13.5;11.8;12.7;13.3;10.9;12.6;12.2;13.3;0.4;-0.5;1.1;12.2;9.1;0.5;13.1;1.8;12.7;12.9;13.6;12.1;NA;6;11.3;13.1;9.4;NA;11.1;NA;10.6;12.3;11.6
2020;2;21;14;11.2;14.2;NA;12.7;12.9;13.4;13.8;14.3;10.7;14.5;14.4;12.7;13.6;13.6;11.3;12.6;13.1;14.3;12.5;13.7;14.5;13.7;13.2;12.5;14.1;2.1;3.8;4;12.6;10.1;5.5;14.2;5.1;12.7;14;13.9;13.2;NA;8.3;12.8;14;11.8;13.6;11.7;NA;13.4;13.1;11.9
2020;2;22;14.7;12.3;15;NA;14.4;11.8;15.6;15.2;14.6;10.4;14.6;15.2;13.4;14;14.9;12.6;13.6;11.1;14.4;14.1;14.1;14.8;12;14.4;12;13.5;7.7;6;4.2;12.5;10.7;4.1;15;3.9;14.4;14.7;15.2;13.8;NA;8.9;12;14.6;11.8;13.7;13.3;NA;11.5;14;13.3
2020;2;23;12.3;11.5;13.3;NA;12.9;11.6;12.5;11.8;12.9;11.4;12.4;12.9;12.1;12.6;12.9;12;12.6;12.2;12.4;13;11.3;13.6;11.2;12.6;10.3;11.9;10.8;9.2;9.9;11.7;9.9;12.8;11.6;9.8;12;13.3;13.6;12.4;NA;9.4;11.5;12.6;12.9;11.7;12.4;NA;11.2;12.4;13.3
2020;2;24;16.3;14.3;17.6;NA;15.8;15.6;14.9;15.3;17;12.6;17.2;17.6;15.9;16.6;15.6;14;15.6;12.9;16.7;15.3;15.4;17.5;13.5;18;14.9;16.8;10;10;10.2;16.5;12.9;13;16.7;12.7;14.9;16.8;16.4;16.1;NA;11.7;16.1;16.8;12.8;16.2;14.7;NA;15.9;16;15.7
2020;2;25;12.1;10.4;12.2;NA;11.5;10.9;13.5;12;10.8;9.6;12.1;12.2;10.9;11.2;12.3;8.9;11.1;6.7;12.1;10.2;11.4;11.6;13.1;11.8;11.4;12.1;1.5;1.2;0.3;14.2;7.8;2.5;12;3.7;12;12.3;12.6;11.1;NA;4.3;10.9;12;9.8;11.8;9.5;NA;13.7;11.8;11.2
2020;2;26;11.9;10.9;12.4;NA;10.4;12;10.9;11.8;11.2;5.5;13.9;14.5;10.3;11.5;11.6;9.4;9.9;7.4;14.8;12.6;12.7;13.6;12.7;11.9;13;13.8;-0.1;0.8;-0.6;14.5;8.3;2.6;12.5;4.5;10.6;12.5;10.7;10.9;NA;3.9;11.9;12.9;6.4;13.4;10.9;NA;13.6;10.8;10.5
2020;2;27;12.5;9.2;12.1;NA;10.5;10.6;13.4;12.7;11.5;5.8;12.3;12.5;11.1;11.4;12.6;10.2;10.7;7.2;12.4;11.4;12.2;12.3;12;11.5;11.3;12;-2.6;-2.7;-2.2;11.6;8.7;-0.4;12.6;0.8;12;12.2;12.6;11.8;NA;3.1;10.5;12.1;6.4;11.8;10.3;NA;10.5;11.3;10.4
2020;2;28;14.7;12.4;14.9;NA;13.4;13.3;16;15.6;14.3;5.6;14.5;15.2;14.2;13.1;14.9;12.1;13;7.1;14.5;13.1;14.6;14.3;14.3;13.9;13.5;14.6;-2.5;-0.5;-1.1;12.9;NA;1.8;15.8;3.6;14.9;13.7;15;14;NA;3;13.1;14.6;7.3;14.5;12.2;NA;13.1;13.2;14.2
2020;2;29;14;9.6;14.2;NA;11.4;13;12.8;13.3;13.3;7.7;14.2;14.2;10.8;13.5;13.8;10.4;12.4;8;14.4;12.2;13.4;13.7;12.6;13.2;12.3;13;0.7;-1.7;-1.4;14.5;NA;1.1;14.2;2.1;12.6;14.1;13.7;13;NA;4;12.9;13.9;9.2;14.1;11.3;NA;13.3;13.2;12.1
2020;3;1;11;4.2;11.5;NA;7.8;10;9.2;8.8;10.2;5.7;11.7;11.1;6.3;9.5;9.6;4.7;8.3;2;11.7;7.8;11.8;11.1;13.2;10.5;12.3;11.7;0.2;0.4;-1;13.1;NA;0.6;11.9;1.9;8.7;10.2;9;9.7;NA;1.2;10;11.4;5.4;11.6;6.3;NA;12.5;9.5;7.7
2020;3;2;12.5;6.1;11.7;NA;7.3;11.9;10.4;11.6;11.4;6.6;12.4;11.9;7.7;10.8;12;6.2;9.2;4.2;12.8;8;12.4;12.1;14.5;11.2;13.1;13.6;0.8;1.8;-0.7;14.6;NA;1.6;12.5;2;9.7;11.6;12;9.1;NA;2.3;12;12.4;6.5;12.6;7.3;NA;14.4;11;8.6
2020;3;3;15.3;2.8;15.3;NA;7.9;12.2;13.3;14.3;14.7;3.5;15.7;15.7;6;13.8;14.9;3.5;10.5;1.3;15;7.2;15.2;16.1;13.6;14.4;14.6;15.5;0;2.1;-0.3;14.5;NA;1.5;15.7;1.9;12.8;14.4;13.9;13.2;NA;1.3;13.5;15.1;3.4;15.2;4.6;NA;13.7;13.6;12.2
2020;3;4;13;10.9;12.9;NA;12.8;9.6;13.7;12;12;5.2;12.9;13.2;11.9;12.2;12.3;12.2;11.7;9.8;13.1;12.9;12;12.1;11.7;12;10.9;12.2;-2.8;-3.5;NA;11.9;NA;0.4;13.6;2.2;12.4;12.5;12.9;12.1;NA;5.7;10;12.6;7.1;12.2;11.6;NA;11.4;11.6;11.9
2020;3;5;12.4;5.3;12.3;NA;9.1;11;12;11.6;12.2;3.6;12.9;13;7.6;11.5;11.9;6.6;10.8;2.3;12.6;10;12.2;12.9;10.9;11.7;11.6;12.6;-3.8;-4.3;-4.2;11.4;NA;-2.2;12.4;-1;11.6;12.2;12.3;11;NA;0.9;11.3;12.1;3.7;12.5;6.7;NA;10.2;11.4;10.3
2020;3;6;10.2;8.4;9.4;NA;9;8.9;12.5;11.5;8.6;4.5;11.5;10.7;8.4;9.4;10.6;8.1;9.5;7.9;11.2;10.2;11.7;9.6;12.1;8.7;10.9;10.8;0;-0.4;0.4;11.5;NA;0.1;11.9;2.2;11.4;9.5;10.6;9.5;NA;4.9;9.2;9.7;3.4;11.6;8;NA;10.9;9;10.2
2020;3;7;17.2;13.1;16.8;NA;16.3;14.3;16.1;17.1;15.5;8.9;17.4;17.3;14.1;15.6;16.3;14;15.2;10.7;16.5;16.4;15.9;16.7;14.8;15.8;17.7;16.4;0.3;-1.8;4.8;15.1;NA;3.5;16.4;4.8;15.5;16.3;16.5;14.9;NA;5.9;14.9;16.8;9.8;16.3;15.2;NA;14.9;15.2;14
2020;3;8;14.1;11.5;13.9;NA;13.4;12.5;14.3;14.1;13.7;10.7;14.5;14.7;12.9;13.3;13.9;12.5;12.7;10.3;14.4;12.8;13.2;14.2;12.1;13.5;14.2;14.4;1.9;1.1;3.6;13;NA;1.8;14.1;3.8;13.4;13.9;14.4;13.2;NA;8.4;13.3;13.6;9;13.4;12.8;NA;12.3;13.3;12.5
2020;3;9;13.2;11.7;12.8;NA;12.4;12;14.3;13;13.2;11.7;13.4;14.5;11.7;12.7;13.1;11.7;11.9;10.3;13.7;11.6;12.1;13.5;11.6;12.7;12.6;14.1;3;2;NA;11.9;NA;3.7;13.1;4.5;13.1;12.6;13.4;12.8;NA;8.3;11.6;12.9;9.3;13.4;11.6;NA;10.8;11.9;12
2020;3;10;14.7;11.6;14.5;NA;13.6;12.6;15.5;14.1;13.8;8.1;14.8;15.2;12.2;14.5;14.4;11.6;13.6;9.7;14.1;13;13.9;14.1;13.3;14.3;13.2;14;4.6;0.8;1.9;13.4;NA;3.8;15.1;4.2;13.9;14.3;14.9;13.3;NA;4.8;13.3;14.8;8.8;14.4;12.3;NA;12.8;13.9;13
2020;3;11;16;14.9;16.2;NA;16.6;15.6;16.8;16.7;17.3;14.2;15.9;16.6;16;17;16.8;15.6;16.1;14.1;15.5;16.3;15.1;16.8;13.6;16;12.8;15;11.1;9.8;11.6;13.3;NA;12.5;16.5;9.8;16.3;17;17.2;16.8;NA;12.4;15.7;16;16.4;14.8;15.9;NA;11.9;16.1;16.4
2020;3;12;16.7;14.9;17.1;NA;16.3;15.3;18;16.8;16.9;13;17;17.2;16.7;16.9;16.9;15.4;16;13.6;15.6;16.3;15.3;17.2;13.7;17.6;14;16.5;7.2;5.2;7.3;14.1;NA;5.4;16.6;7.1;16.7;17.3;17.5;16.6;NA;11.5;15.4;16.6;15.3;15.8;15.8;NA;13.2;16.1;16.1
2020;3;13;13.7;14.9;13.9;NA;14.6;12.2;15.9;13.8;12.8;11.1;13.7;13.4;15.2;13.3;14.6;15.7;14.1;13.8;13.4;14.2;13.5;13.1;13.8;13.5;13.5;13.6;6.1;2.7;4.9;14.7;12.3;6.6;14.7;7.5;15;14.2;15.5;14.2;NA;11.3;11.9;13.4;11.4;13.1;15.2;NA;14.4;13.8;15.5
2020;3;14;13.8;8.5;14.3;NA;12.3;13.9;13;13.3;13.7;5.1;15.2;15.2;10;14.2;14;10.5;13.1;5.4;15.7;12.2;14;14.8;14.8;13.8;14.1;15;-2;0.8;-0.9;15;9.1;1.6;13.9;2.8;12.3;14.6;14;14.8;NA;2.8;14.2;14;6.3;15.1;11.9;NA;14.5;13.7;11.8
2020;3;15;14.7;12.7;14.8;NA;14.6;12.6;15.3;14.6;14.4;8.3;15.1;15.5;13.4;13.9;15;13.9;14;10.5;14.4;14.2;13.8;14.6;14;14.6;13.3;14.1;0;2.2;2.9;13.6;11.9;3;15.7;4.4;14.8;14.9;15.2;13.9;NA;8.4;13.3;14.8;8.9;14.4;14.5;NA;13.1;13.9;14.1
2020;3;16;15.7;13.3;15.8;NA;15.5;13.6;16.1;15.9;15.9;12.8;16.2;16.3;14.8;15.5;15.8;14.4;14.8;12.6;14.6;14.9;14.7;16.2;12.3;16.1;15.4;13.9;6.3;5.1;8.5;13;13.1;6.9;15.6;5.4;15.3;15.9;16;15.6;NA;11.8;13.7;15.3;15.6;15.2;14.4;NA;12.3;15.5;13.9
2020;3;17;16.6;15.3;16.4;NA;16.3;14;17;16.4;16.4;16.8;15.7;16.3;15.7;16.1;16.4;15.8;15.9;15.9;14.9;15.9;14.8;16.8;12.6;16.2;12.8;15.7;10.8;8.7;11.8;13.3;14.3;10.9;16.1;11.3;16.3;16.5;17;16;NA;14.2;13.5;16.5;18.1;14.5;15.5;NA;12.4;15.7;15.5
2020;3;18;22.3;19.4;22.6;NA;21.9;20.9;22.2;22.7;22.6;16.4;22.8;23.4;20.9;21.8;22.2;21;21.3;17.3;22.9;21;21.7;23;20.5;22.6;21.8;21.2;8;8.4;10.4;21.3;18.7;9.1;23.2;10.2;21.8;22.3;22.5;21.5;NA;15.5;21;22.7;17.3;22;21.1;NA;21.2;21.5;20.7
2020;3;19;21.9;19.3;21.9;NA;21.5;19.6;22;22.5;21.5;17.8;21.6;21.9;20.7;21.2;22.1;20.9;21;18.6;20.7;21;20.8;21.7;17.1;21.3;20.9;21.1;10;7.4;10.9;18.5;18.5;9.1;22.4;10.4;22.1;21.8;22.7;21.6;NA;15.7;19.7;21.9;20.1;20.4;20.7;NA;18.4;21;20.4
2020;3;20;17.4;16.3;17.6;NA;18.2;16.5;19.1;17.7;17.6;16.4;16.3;17;17.7;18.1;17.9;17.1;17.5;16.7;15.1;18.2;15.4;17.5;13.8;17.7;14.2;15.7;9.5;5.4;9.5;13.9;15.6;8.6;17.1;8.9;17.7;18.7;18.7;18.3;NA;14.3;16.6;17.2;18.6;14.8;17.5;NA;12.4;17.7;17.3
2020;3;21;18.4;15.2;18.3;NA;16.5;16;17.5;17.5;18.1;15.2;18.2;18.4;16.3;17.3;17.6;16.5;17.1;16.1;17;16.9;17;18.5;14.9;18.2;16.4;18;7.6;4.9;6.7;15.1;14.9;5.8;17.7;7.9;17.4;18;18.4;17.1;NA;10.9;16.2;18.4;15.5;17.1;16.7;NA;14.4;17.2;16.4
2020;3;22;14.2;12.8;14.3;NA;16.4;10.3;15.9;14;12.8;3.9;14;14.1;14.7;13.1;14.7;13.7;14.1;12;12.2;15.1;12.3;13.1;12;13.9;11.8;12.1;-3.6;1.5;0.7;11.1;13.1;4.8;14.3;5.4;14.6;14;15.2;12.6;NA;9;11.1;14.1;6.6;12.8;15.4;NA;10.6;13.4;14.2
2020;3;23;11.7;9.2;11.7;NA;10.8;8.4;11.6;11.7;11;2.4;11.5;12.3;12.1;10.4;12.2;8.5;10.9;5.9;11.2;10.6;10.9;11.3;10.4;11.1;11.3;10.7;-5.8;-3.6;-5.7;9.5;7.4;-0.7;12.8;-0.7;10.5;11;12;10.7;NA;3.2;9.1;11.6;4.6;11.3;9.8;NA;9.2;10.7;10.1
2020;3;24;12.1;11;12.5;NA;10.7;8.4;13.3;12.4;10.9;2.1;12.6;13.1;13.5;11.6;12.8;8.9;12.1;6.9;11.5;12;11.5;12.5;10.7;11.5;11.5;11.4;-5.8;-3.2;-4.1;9.4;8.1;0.1;14.1;0.8;11.7;11.9;12.7;12.3;NA;2.7;9.5;12.1;3.7;11.8;10.2;NA;9.1;11.1;13.2
2020;3;25;10.1;7.9;10.6;NA;9.5;5.7;10.8;9.6;8.6;1;9.4;9.7;10.1;8.8;10.7;7.3;10.6;4.6;8.2;10.2;8.7;8.9;7.7;9.1;8.5;7.7;-9;-3.8;-6.8;7.2;7.1;-2.1;11;-1.5;10.4;9.6;10.7;9.2;NA;-0.4;6.4;9.8;1.9;8.7;8.6;NA;6.4;9.5;11
2020;3;26;11.2;8.5;11;NA;8.8;7.2;12.3;10.8;9.8;0.7;11.5;11.5;10.1;10.8;11.4;8.5;11.2;0.9;9.3;9;10.2;10.6;10.3;11;11;10;-5.4;-2.1;-4.4;9.9;6.7;0.8;11.6;0.8;12;11.9;11.6;11;NA;1.5;7.7;11;-0.1;10.4;8.2;NA;9.1;11.6;13.2
2020;3;27;16.8;14.7;18.4;NA;14.9;14.4;16.9;17.1;17.1;4.7;17.6;17.5;14.4;17.5;17.6;13.5;16.3;7.1;16.1;15.5;15.7;16.8;15.4;17.6;15.9;15.9;-2.2;4.4;-0.3;15.2;12.5;4.8;17.3;6.1;16.3;17.8;18.5;17.4;NA;6.8;14.6;17;4.7;16.7;15;NA;15;17;15.8
2020;3;28;20.5;18.1;20.7;NA;19.5;18.9;20.9;20.5;20.6;14;20.6;21.1;19.3;20.5;20.4;19.2;19.8;16.4;19.8;20.3;19.7;20.9;15.4;20.8;20;20.2;6.3;7.1;7.8;16.9;17.4;8.8;20.6;8.5;20;20.9;21.1;20.6;NA;14.2;19.8;20.3;14.6;19.5;19.8;NA;17.1;19.9;19.2
2020;3;29;21.1;16.9;21.3;NA;20.1;18.8;21.3;20.6;21.3;15.7;21;21.3;NA;20.9;21;18.8;19.7;14.8;17.8;20.6;19.4;21.4;15.1;20.9;18.3;15.7;6.9;5.8;7.2;18.4;16.6;8.8;20.7;8.3;20.1;21.2;21.5;20.8;NA;13.1;19.2;21.1;16;18.5;19.9;NA;15.5;20.7;19.6
2020;3;30;13.1;7.4;13.1;NA;10.4;11.5;14.4;12.6;13.2;4.6;13.8;15.2;8.9;12.8;12.5;9;11.8;4.9;13.4;10.6;13.4;14;14.6;12.7;14.9;14.3;-1.9;-0.5;-1.1;15;7.2;1.8;14.2;2.5;13.1;13.8;13.1;13.1;NA;1.8;11.8;13;4.8;12.9;9.8;NA;14.6;13.7;11.6
2020;3;31;11.9;9.2;12.6;NA;10.5;9.6;13;11.5;11.3;2.8;12.2;12.3;11.4;11.2;12.6;8.4;11.1;5.8;11.4;11.4;11.2;11.6;10.5;11.4;11.5;11.1;-6.2;-4.6;-4.7;10.1;7.4;-0.9;12.9;0.8;11.6;11.7;13.3;11;NA;1.7;9;12.2;3.2;11.6;10.5;NA;9.7;11.1;11.8
2020;4;1;13.3;9.9;12.7;NA;12.4;10.9;13;12.3;13.1;5.5;13.1;13;10.8;12.4;12.4;10.9;11.7;8.2;12.5;11.7;11.5;13.2;10.7;12.5;12;12.7;-3.2;-1.2;0.1;11.5;9.1;-0.8;13.9;1.6;11.7;12.6;13;12.6;NA;6.4;11.2;13;6.7;12;11.6;NA;11.4;11.6;11
2020;4;2;15;12.3;14.8;NA;14.5;13.1;15.5;14.8;15.5;11.5;15.2;15.4;13.5;14.6;14.6;13.3;14;11.8;13.7;14.3;13.8;15.8;11.1;14.9;13.8;15.1;4.7;1.7;5.1;11.9;11.4;4;15.1;3.5;14.7;14.9;15.6;14.9;NA;9.6;12.9;14.6;13.1;14.4;13.4;NA;10.8;14.3;13.6
2020;4;3;18.3;16.3;17.7;NA;17.7;13.1;18.5;17.9;17.9;13.6;15.9;16.4;17.3;17.9;18.2;16.9;16.7;14.4;14.5;16.9;15.2;17.5;12;17.8;15.4;15.7;5.9;5.2;7.2;12.7;14.4;7.2;17;6.9;17.2;17.8;18.5;17.8;NA;11.1;13.5;17.4;14.5;14.3;16.8;NA;11.6;17.4;16.8
2020;4;4;20.3;16.8;20.4;NA;20.4;17.8;20.4;20.3;20.7;13.8;20.5;20.6;18.9;20.1;20.4;18.4;19.8;15.4;20;20.1;19.5;20.9;18;20.2;18.8;19.3;4.9;7.4;4.4;17.9;17.7;7.8;20.4;8.4;19.6;20.3;20.9;20.7;NA;12.3;18.4;20.6;14.2;19.8;20;NA;17.9;19.9;18.9
2020;4;5;21.8;19.2;22.3;NA;22.3;19.5;21.7;21.4;21.7;14;22.2;22.1;20.9;21.2;22.3;19.7;21.5;17.3;21.2;21.6;21;21.6;20.5;21.1;21.7;20.8;5.6;8.6;5.5;19.7;18.8;9.8;23.1;10.3;21.3;22.2;22.9;21.6;NA;14;20;22;14.8;21.4;21.4;NA;19.7;21.2;21.2
2020;4;6;23.7;21.2;24.1;NA;23.2;21.7;23.7;23;23.6;16.1;24.1;24;22.7;22.5;23.8;21.3;23.4;17.8;23.6;23.1;22.9;23.3;22.6;23;23.1;22.9;6.9;10.5;8.4;21.9;20.2;11.5;24.5;12.2;23.3;23.8;24.2;23.2;NA;15.8;21.9;23.5;16.7;23.6;22.5;NA;21.7;22.8;22.7
2020;4;7;24.6;21.2;25.2;NA;24.3;22.4;23.6;24.3;24.8;17.2;25.4;25.3;22.9;24.6;24.5;23.1;24.6;20.2;24.4;23.9;23;24.7;22.1;24.3;23.1;23.9;8.1;11.9;9.6;22.3;20.9;13;23.9;13.8;23.7;25.5;25.6;24.9;NA;16.8;23.4;25.1;17.8;24.3;24;NA;21.9;24.2;23
2020;4;8;24;21.2;24.4;NA;23.3;22.6;24.6;23.4;23.4;17.5;24.2;24.9;23.2;23.1;24.2;22.2;23.7;18.9;24.1;23.3;23.6;23.6;22.9;23.2;24.5;23.4;9;11;NA;22.2;20.3;11.9;25.3;11.8;23.7;24.3;24.7;23.5;NA;15.9;23.2;24.1;18;24.1;22.8;NA;22.1;22.9;23.2
2020;4;9;25.3;21.8;25.5;NA;24.2;21.8;24.9;24.7;25.6;20.9;25;25.5;23.7;24.9;24.9;23.4;23.7;21.1;22.8;23.9;23.6;26;19.4;25;23.9;24.1;12.1;13.1;13.4;20.6;21.1;14.1;24.8;14.7;24.1;25;25.4;24.9;NA;18.8;22.9;24.9;21.3;23.8;23.8;NA;19;24.5;23.4
2020;4;10;26.9;23.9;26.7;NA;25.5;25.3;27.6;26.7;27.8;21.7;27.3;27.4;25.5;26.4;26.9;24.5;26;21.7;26.3;25.8;25.5;28.4;21.8;26.7;25;26.9;12.8;12.4;NA;22;23.2;14.3;27.1;14.4;26.2;26.9;27.5;26.7;NA;18.3;25.2;26;22;26.5;25.4;NA;22.3;26.1;25.8
2020;4;11;26.3;23.2;26.4;NA;25.2;24.3;27.3;26;26;20.7;26.1;26.1;25.1;26.1;26.7;24.6;25.5;21.8;24.1;25.8;24.7;27.2;19;26.1;21.9;19.8;12.9;NA;12.2;21;22.9;14.6;26.4;14.2;26.1;26.2;27.2;26.1;NA;18.9;23.8;25.4;21.4;23.6;25.2;NA;20.1;25.7;25.4
2020;4;12;25.4;22.3;25.4;NA;24.2;23.5;26.6;25.4;25.6;20.6;25.1;25.7;24.6;25.5;25.8;23.6;24.8;20.8;23.2;25.1;24;26.2;18.6;25.4;21.5;19.9;11.6;NA;12;19.5;21.9;13.7;25.4;13.6;25.5;25.7;26.4;25.6;NA;17.2;23.7;24.6;21.3;23.6;24.2;NA;18.9;25;24.6
2020;4;13;21;20;21.7;NA;21.5;21;24.2;21.8;21.4;19.2;20.8;21.3;21.6;22.1;22.2;21.3;22.3;18.8;19.7;22.8;20;21.9;18.5;21;18.5;20;11.2;10.5;10.7;20.9;19.7;12.2;21.2;11.9;22.4;22.3;23.3;22.3;NA;15.7;20.5;21;20.2;19.7;21.1;NA;18.7;21.6;21.8
2020;4;14;19.7;NA;NA;NA;16.3;14.5;NA;18.9;17.9;11.6;18.4;18.5;18;18.2;19.7;18.4;19;15.5;17.6;18.6;18;18.5;16.9;17.9;16.7;16.3;3.7;4.6;6.1;16.3;13.5;NA;19;8.3;18.8;19.1;20.6;NA;NA;11.6;15.2;18.3;12.3;18.3;18.5;NA;16;18.1;18.8
2020;4;15;17.6;15.3;17.6;NA;17.1;17.2;NA;17.3;18.2;17.6;17.9;17.6;16.1;17.4;17.4;15.3;16.5;16;17.4;16.7;16.9;18.2;15.2;17.5;17.5;18.3;9.7;7.1;9.9;14.9;13.9;8.9;18.1;8.3;17.2;17.9;18;17.7;NA;13.8;16.7;17.1;16.8;17.5;16.2;NA;14.2;17;16
2020;4;16;21.3;18.7;21;NA;20.5;17.5;NA;21.5;20.7;19.9;20.1;20.3;20.3;20.8;21.8;19.6;20.5;19.9;18.2;21.4;19.1;20.8;15.1;20.5;18.1;16.1;12.8;9;13;15.9;18.1;13.8;21.3;12.7;21.2;21;22.1;21;NA;16.6;17.8;20.4;21.4;18.1;19.9;NA;16.3;20.6;20.5
2020;4;17;20.6;18.9;20.6;NA;21.5;19.2;22.1;20.8;20.9;21.1;20.6;20.7;20.6;21.1;20.9;19.7;20.7;21;18.7;21.2;18.8;21.3;15.3;21;17.1;18.4;14.3;12.9;14;16.2;18.8;14.5;20.4;12.9;21.3;21;21.8;21.3;NA;18.4;18.8;20.4;23.4;18.8;20.4;NA;14.7;20.4;20.7
2020;4;18;22.3;20.5;22.3;NA;22.5;20.8;23.6;22.5;23.1;22.3;22.5;22.4;22;22.9;22.7;21.3;22.3;22.5;21.5;22.8;20.7;23.3;16.6;22.7;18.8;20.1;15.6;14.1;15.3;17.1;19.5;16.5;22.6;14.4;22.8;23;24.2;23;NA;19.5;20.6;22;24.6;20.5;22.1;NA;16.1;22.1;22
2020;4;19;23.9;21.3;23.2;NA;23.4;22.6;25.3;23.4;23.6;22.1;22.7;23.7;23.3;24.2;24.3;22.9;23.4;22;21.4;24.6;21.6;24.3;17.5;23.2;20;21.6;13.5;12.4;12.5;18.9;20.9;13.8;23.5;13.8;24.3;24;24.7;24.3;NA;19.5;22.5;23;22.7;21;23.4;NA;18.4;23.6;23.1
2020;4;20;18.4;15.6;18.9;NA;16.7;16.6;19.2;19.4;18.3;9.6;19.9;19;17.5;17.4;19.6;17.1;18.6;12.4;18.9;18.2;18.5;18.6;18.8;17.5;18.5;17.7;4.8;5;5.7;18.6;14.9;7.6;18.6;8.4;17.9;17.7;19.2;17.5;NA;9.9;17.8;17.9;9.7;19.3;NA;NA;18.4;17.2;18.2
2020;4;21;21.7;20;22.3;NA;21.5;NA;21.4;21.2;21.3;13.1;21.3;21.8;22;21.8;22.2;19.3;22.2;15.9;20;22.4;19.6;21.4;18.9;21.3;19.9;19.6;1.6;9.4;5.8;18.8;18.3;11.2;21.2;10.4;21;21.6;23.1;21.9;NA;NA;18.8;21.7;14.1;20.6;21;NA;18.6;21.4;21.5
2020;4;22;23.1;20.9;23.6;NA;23.3;NA;23.9;23;22.9;15.2;23.3;23.2;22.6;22.5;23.4;21.6;23.2;18.1;22.5;23.5;22.2;22.9;20.5;22.5;22.1;21.9;5.9;10.8;7.7;20.6;21.3;12.1;23.3;11.8;22.5;22.8;24.3;22.6;NA;NA;20.6;22.9;16.2;22.3;23.1;NA;20.6;22.4;22.9
2020;4;23;24.4;21.3;24.3;NA;23.6;NA;24;23.9;24.1;17.3;24.7;25.1;22.7;24.2;24.1;22.1;23.8;19.4;24.5;23.7;23.5;24.5;22.2;24.1;23.6;23.4;8.4;11.4;10.6;22.1;20.1;12.9;24.5;12.5;23.4;24.1;24.6;24.4;NA;NA;23;24.5;18.1;24;23.2;NA;22;23.4;23.1
2020;4;24;24.6;21.5;23.8;NA;23;NA;25.1;24;22.9;20.1;22.6;23.2;22.9;23.8;24.5;22.4;23.7;20.5;20.3;23.9;22.3;23.3;17.2;24;19.4;17.5;13.3;11;13.6;18.6;20.6;12.7;23.7;12.6;24.2;24;25.4;24;NA;NA;20.1;23.2;22.1;20.7;23.2;NA;18.4;23.4;23.5
2020;4;25;21.1;21.1;21.3;NA;23;NA;24.6;22.7;23;20;20.6;21;22.5;22.8;22.1;21.9;22.8;20.3;19.7;23.9;20.3;22.4;18;21.7;17.6;19.6;13.4;11.7;12.6;18.2;20.2;14;21.2;13.1;23;22.4;23.5;23.6;NA;NA;21;20.5;21.6;18.9;23.3;NA;17.2;21.5;22.5
2020;4;26;22.4;18.8;22.3;NA;21.4;NA;21.5;21.4;23;18.2;23.1;22.9;19.9;22.9;23;21;22;19.2;20.4;22.4;20.7;23.4;17.5;22.3;20.7;20.4;11.3;8.4;10.8;18.2;18;10.8;22;9.2;20.6;22.9;22.4;23.2;NA;7.8;19.8;22.3;20.4;22.1;21.7;NA;17.5;22.4;19.9
2020;4;27;22.4;19.5;22.4;NA;20.8;NA;25.2;22.9;23.5;18;21.7;22.4;20.5;23.6;22.8;21.2;22.5;19.2;20.6;22.5;20.5;23.1;17.7;22.6;17.8;20.7;11.4;8.6;8.6;17.9;17.3;10.4;22.3;10.5;22.7;23.3;24;23.1;NA;14.9;20.8;22.2;20.4;20.7;21.2;NA;16.5;22.3;22.1
2020;4;28;21;16.2;20.9;NA;20.3;NA;21;21.1;21.4;14.9;21.1;21.1;18.4;21.8;21.6;18.6;19.2;12.8;19.9;19.3;20.1;22.1;18.8;20.8;18;19.4;8.4;6.5;6.2;19.8;16.2;8.1;21.5;9;21.1;21.5;22.5;21.5;NA;12;19.7;20.8;16.8;20.1;19.9;NA;18.3;20.5;20.2
2020;4;29;20.4;15.6;19.2;NA;16.5;NA;19.8;19.3;18.5;14.3;20.5;20.3;14.8;18.2;18.8;15.6;17.7;12.1;19.9;17.6;20.2;18.4;18.1;18.4;18.2;18.4;6.5;5.7;4.8;18.9;13.5;7.3;19.7;8.4;18.6;19.1;19.8;18.5;NA;9.8;18.5;20;16.1;20.1;16.5;NA;17.5;18.6;17.9
2020;4;30;22.6;17.3;21.7;NA;19.4;19.3;22;21.6;21.6;16.5;21.3;22.5;19.4;21.9;21.8;19.7;20.7;15.1;21.3;21.5;20.2;22.7;17.5;21.1;18.3;19.9;9;7.7;8.5;18.7;18.2;8.2;21.4;8.6;21;22;22.6;22.2;NA;12.7;19.9;21.8;17.5;20.4;19.8;NA;17.6;20.9;20.3
2020;5;1;21.8;16.7;20.9;NA;19.9;19.2;21.5;21.2;20.9;15.9;20.3;21.4;17.9;21;21.2;19;20.2;16.2;19.9;20.6;20;21.4;18.2;20.7;18.5;19.1;7.9;6.9;6.2;19.1;16.7;7.9;20.8;8.7;20.5;21.4;22.1;21.6;NA;12.3;20.2;21.4;16.6;19.5;19.2;NA;18.6;20.2;20
2020;5;2;23.6;20.8;22.9;NA;22.3;20;24.2;23.8;23.8;17.8;23.1;24.4;20.5;23.3;23.5;20.5;22.3;17.7;22.4;22.1;21.9;23.6;19.1;24;20.6;22.3;11.5;8.1;11.3;20.9;18.2;11.8;23.3;11.9;23.2;23.4;24.6;23;NA;15.3;22.2;23.5;17.8;22.3;22.3;NA;19.3;22.2;21.8
2020;5;3;22.1;18.9;22;NA;21.2;20.4;23;22.1;22;14.9;22.5;22.9;20.1;22.3;21.8;20.2;21.1;17.7;22.7;21.3;20.7;23.2;20.2;22;21.9;21.6;6.2;8.3;8.4;21.7;19;9.7;21.7;8.9;21.5;22.2;22.7;22.7;NA;14.2;20.8;22.4;15.7;21.6;21.7;NA;21;21.3;20.4
2020;5;4;21.9;20.1;21.3;NA;20.6;19.5;23.4;22.2;21.4;16.8;21.6;21.8;20.8;21.6;22.4;19.8;21.1;17.9;21.6;21.5;19.4;21.9;18.5;21;19.1;21;10.9;7.9;7.7;19.6;18.2;9.9;21.3;11.1;21.9;22.1;22.9;21.8;NA;13.8;18.8;21.5;18.8;20.9;20.2;NA;18.2;21;21.8
2020;5;5;20.4;19.5;19.8;NA;18.6;19.2;21.3;21.7;18.3;14.9;20.8;22.2;NA;18.2;20;17.4;18.7;17.1;20.8;18.9;20.1;20.5;19.2;19.4;19.4;19.6;7.5;7.5;7.5;19.9;15.6;11;21.4;11.3;20.1;19.1;21;18.8;NA;13.5;19.1;20.7;15.1;21;18.7;NA;18.9;18.6;20.4
2020;5;6;22.5;20;21.6;NA;21.6;19.1;23.4;21.8;20.8;16.3;22.4;23.3;19.7;21.3;21.6;20.4;21;17.5;21.6;20.9;20.9;22.3;19.4;21.3;19.6;20.6;7.4;10;9.4;19.9;18.5;9.9;23;9.5;21.7;21.3;22.9;21.3;NA;15.7;19.6;22.9;16.7;22.9;22.2;NA;19.9;21.4;21.1
2020;5;7;23.2;21.4;22.2;NA;22.7;19.6;24.5;23.5;22;21.2;22;23.3;21.5;22.6;23.5;20.6;22.7;20.7;21.6;22.6;20.9;22.9;18.6;22.5;19.2;21;14;10.3;13.5;19.4;19.5;12;22.7;11.9;23.5;23;24.8;22.6;NA;17.3;19.5;23;22.4;21.4;21.8;NA;18.2;22.5;22.7
2020;5;8;24.6;21.8;24.2;NA;23.6;22.5;26.1;24.9;24.1;21;24.7;25;22.5;24.1;24.9;21.9;24.5;21.4;24;23.3;22.8;25.5;20.2;24.4;21.7;22.9;15.8;11.9;13.4;21.3;20.7;12.1;24.5;12.6;24.8;24.9;25.7;24.1;NA;18.4;22.2;24.2;23.5;23.2;23.2;NA;20.2;24.2;24.6
2020;5;9;24.9;22.6;24;NA;24.5;22.8;26.5;25.4;24.5;20.9;23.4;24.4;24.1;24.6;25.1;23.1;24.7;21.8;23.5;24.8;23.3;26.1;NA;24.2;20.6;22.4;15.6;12.4;13.7;21.1;21.9;13.8;24.6;13.9;25;25.1;26.1;24.8;NA;18.5;23.2;24;23.6;22.4;23.8;NA;19.8;24.2;24.7
2020;5;10;23.3;22;22.9;NA;22.2;22.9;24.2;22.9;24;19;23.1;23.9;21.9;23.5;23.2;21.5;23.1;19.8;22.9;23;21.5;25.1;NA;23.2;19.5;22.9;13.3;10.5;11.2;20.6;19.2;13;23.4;13;23.1;23.7;24.3;23.5;NA;15.7;22.6;22.9;20.6;22;22;NA;19.9;22.6;23.5
2020;5;11;19.9;17.7;19.8;NA;16.1;19.8;21.6;19.2;19.5;13.8;20.7;21.2;18.2;18.3;19.9;17.1;15.8;17.7;21.1;18.7;19.5;21.4;NA;18.7;19;19.7;7.4;6.6;6.9;20.6;12.6;8.8;21;11.3;20.1;18.6;18.9;17.9;NA;11.7;19.2;20.4;14.5;20.1;17.5;NA;20.4;18;20.2
2020;5;12;21.3;19.8;21.7;NA;18.7;NA;23.1;21.9;16.7;9.9;20.4;20.4;18.4;16.7;22.7;18.1;20.1;17.9;22;19.7;21.4;19.1;NA;20.9;19.7;19.2;4.8;6.3;6.4;20.9;13.7;10.1;22.2;11;22.6;18.8;21.7;17.3;NA;14.3;19.3;21.8;10.2;20.9;18.3;NA;19.3;19.6;22.1
2020;5;13;21.5;15.9;21.2;NA;17.9;21.5;19.8;20.8;21.6;16.5;22.6;23.2;16.1;21;21.1;15.3;19.3;12.7;23;19.6;21.4;22.3;NA;20.8;21.1;23.3;9.4;7.7;6.3;23.1;16.2;9.8;22.6;11;19.6;21.1;20.5;20.9;NA;9.7;22.1;21.7;16.1;21.7;17.1;NA;22.5;20.4;18.9
2020;5;14;26.1;22;26;NA;24.3;23.9;25.5;25.8;25.6;21.4;25.6;26.3;23;25.3;25.1;23.5;24.5;20.4;24.5;24.8;24.7;26.2;NA;26;23.2;25.1;14.9;11.4;13.2;21.9;22.6;13.3;26.1;13.8;24.9;26;25.8;25.7;NA;17.1;23.5;26.4;22.2;24.4;23.9;NA;21.9;24.6;24.1
2020;5;15;22.8;16.5;22.5;NA;19.4;20.5;23.4;23.6;21.8;14.8;24;24.4;17.6;22.2;23.8;19.1;21.6;16.3;24.4;20.1;22.8;22.4;NA;22.2;20.6;22.4;9;7.7;7.7;22.5;15.8;10.4;23.4;11.8;22.4;22.7;23.3;20.6;NA;13.8;20.7;24.6;13.8;24.1;18.5;NA;21.7;22.3;20.6
2020;5;16;21.5;16.8;21.6;NA;20.6;17.5;21;20.8;20.3;11.7;21.9;22.3;17.9;19.1;20.6;17.3;20.4;13.2;20.4;21.5;20.9;20.7;NA;20.4;20;20;9.2;9;7.9;19.9;18.7;9.9;22.9;11.1;20.6;20;21.5;18.9;NA;10.9;17.9;21.8;12.4;21.1;18.9;NA;19.4;19.7;21
2020;5;17;28;25.3;28.1;NA;26.8;24.9;27.7;28.2;27.1;16.5;28.5;29.3;25.7;25.7;27.8;25.1;26.2;22.7;28.5;26.8;27.3;26.8;NA;27.3;27;26.7;9.8;12.9;13.6;26.5;23;16.7;29.5;15.8;27.3;26.6;28.4;25.8;NA;16.9;25.3;28.7;18.3;28.5;26.6;NA;26.1;26.1;26.8
2020;5;18;26.2;25;26.5;NA;26.7;23.5;26.9;25.8;26.1;19.6;26.9;28.2;24.9;25.9;26.5;25.3;26;22.6;26.4;26.3;26.3;26.4;NA;25.6;24.7;25;11.5;15.3;14.3;24.1;24.2;15.7;27.8;16.7;26.2;25.9;26.5;25.2;NA;19.1;24.1;27.1;20.6;26.1;26.4;NA;23.8;25.3;25.8
2020;5;19;25.8;19;25.2;NA;25.5;20.8;25.9;25.2;24;19.2;25;26.9;21.9;23.8;25.4;21.7;26.3;18.6;23.8;27.5;25.3;25.4;NA;24.6;23.3;22.8;11.2;12.9;11.5;22.9;22.6;14.8;28;15;25.7;24.9;26.6;23.7;NA;17.8;22.1;26.2;19;24.3;24.2;NA;22.3;24.5;25.8
2020;5;20;26.6;25.3;27.2;NA;27.2;21.8;26.7;26.8;25.3;18.9;26.1;27.1;26.4;26.9;27.5;25.9;25.9;22.7;24;27.8;24;25.9;NA;26.9;22.7;23.6;10.5;14.3;15;22.9;24;17.2;26.5;17.4;25.5;27.3;27.3;26.2;NA;19;21.7;26.6;19.6;24.8;27.2;NA;23.4;26.5;26.8
2020;5;21;26.8;23.8;26.4;NA;24.5;23.8;26.4;26.4;25.9;20.2;26.5;27.9;23.5;24.7;26.5;22.4;25;21.8;26.6;24.5;25.7;26.3;NA;25.7;25.5;25.8;12.7;13.6;15.3;24.7;21.1;14.7;27.6;14.8;26;26.5;27;24.9;NA;19.9;23.8;27.4;21.1;26;24.3;NA;24.9;24.8;25
2020;5;22;25.3;22.2;24.9;NA;23.2;21.9;24.7;24.2;24.4;21.3;25;25;22.3;24;24.8;21.8;23.5;21.2;24.3;23.9;23.6;25.1;NA;24.3;22;24;15.8;12.5;13.4;22;20.1;13.6;24.7;12.8;23.8;24.4;24.8;24.2;NA;18.3;21.7;25.4;23.2;24.2;23.1;NA;21;23.8;23.5
2020;5;23;27.7;23.8;27;NA;24.5;24.9;27.3;26.6;26.3;22.6;26.5;27.5;24.2;25.7;26;24.2;25.7;22.2;26.5;25.9;26;27.5;NA;27.1;23.2;24.5;17.4;14.4;16.4;23.1;22.8;15;27.1;14.7;26.8;26.8;27;25.6;NA;19.4;24.7;27.4;24.5;26.5;24.5;NA;22.6;25.6;25.2
2020;5;24;25.2;22.9;25.6;NA;25.2;22.7;25.1;25;25.6;17.2;25.6;26.5;23.1;24.7;24.9;22.2;24.2;19.8;25;24.6;24.6;25.8;NA;25.5;24.3;24.2;9.8;12;12;23.2;21.2;12.8;26.1;13.1;24.6;25.5;25.6;24.8;NA;15.5;22.9;25.7;17.7;24.8;23.8;NA;23.4;24.2;24.1
2020;5;25;25.4;22.2;24;NA;23;21.4;26.2;24.7;23.8;17.5;24.1;24.9;22.7;24;25.5;21.6;23.8;20.5;23.5;24.2;23.1;25.1;NA;24.3;21.5;22.3;11.5;8.3;14.1;21.8;20.7;12;24.7;12.3;25.3;24.7;25.8;23.6;NA;16.7;21.9;25.2;18.5;22.9;23.3;NA;20.4;23.7;23.9
2020;5;26;25.2;20.9;24.2;NA;22.9;21.6;22.9;23.5;23.5;NA;24;25.1;21.1;23.5;25.3;21.9;23.3;19;23.9;23.8;23.2;24.7;NA;23.6;22.3;22.8;9;11.3;10.9;21;21.1;11.2;24.1;11.3;22.6;24.4;24.6;24;NA;16.2;21.9;25.6;17.5;22.7;23.4;NA;20.8;22.8;22.3
2020;5;27;26.3;22.9;25.5;NA;24.1;21.9;25.3;26;25.7;NA;25.5;26.2;23;25;25.9;23.6;24.8;20.4;24.4;24.5;24.5;26;22.2;25.1;23.4;25.1;11.5;11.7;13.3;21.7;21;12.2;27;12.9;25.2;25.9;26.2;24.9;NA;17.2;21.8;26;19.8;24.7;24.1;NA;20.8;24.4;24.2
2020;5;28;26;22.8;25.2;NA;24.3;21.3;25.4;25.8;24.1;NA;24.7;25.1;23;25;26.1;22.7;24.7;19.2;24;25.1;23.9;25;21.6;24.5;23.4;23.1;9.7;11;11.5;22.2;20.9;13.3;25.5;12.5;24.8;25.5;25.9;24;NA;15.9;21.4;25.5;17.8;23.7;23.9;NA;20.9;24;24.3
2020;5;29;24.1;22.6;24.4;NA;23.3;22;25.1;23.8;23.4;NA;22.8;24;22.6;23.4;24;21.4;23.6;16.7;25.2;23.7;23.1;23.5;NA;23.9;22.6;24;7.4;10.4;9.4;22.1;20.4;12.7;24.4;12.2;24.2;24.4;24.9;23.7;NA;12.8;21.9;24.7;16.3;23.1;23.4;NA;22.1;22.8;23.8
2020;5;30;23.5;18.3;23.7;NA;20;21.2;22.2;24.2;22.3;NA;23.6;25;19.1;22.1;24.8;19.1;21.9;17.3;25.7;20.8;22.7;23.4;NA;22.7;23.1;23.5;7.1;8;7.7;21.8;18;9.5;24.4;9.8;21.9;23.6;23.5;22.5;NA;12.1;21.5;23.8;15.8;24;20.3;NA;21.9;21.5;20.5
2020;5;31;23.6;19.4;23.8;NA;22.1;20.9;23.5;22.5;22.5;NA;23.4;23.5;19.9;21.7;23.7;20.2;21.9;17.2;23;21.6;21.9;23.2;NA;22.4;20.7;22.5;8.4;6.3;9.7;19.9;17.6;9.8;23.2;9.8;22.4;23;23.5;21.7;NA;14.4;19.8;22.9;16.9;22.4;21.4;NA;18.7;21.8;21.4
2020;6;1;27.9;25.2;28;NA;26.3;25.5;28.2;26.9;27.4;NA;27;27.8;25.3;27.5;28.1;25.3;26.6;22.6;26.8;26.4;26.2;27.5;NA;27.8;25.6;26.6;13.4;13.3;15;22.6;24.1;15;27.3;14.6;27.4;28.1;27.9;28;NA;20;25.9;28.2;21.7;26.4;26.2;NA;21.5;26.6;26.2
2020;6;2;28;NA;28.4;NA;NA;24.3;28.3;28;26.7;NA;26.7;27.1;NA;27.1;29.4;26;27.7;23.1;25.8;27.3;25.9;27.7;NA;27.2;23.3;25.3;14.5;12.5;15.5;23.9;NA;16;27.3;NA;27.7;28;29;NA;NA;20.4;23.9;28.4;23.8;25.5;NA;NA;23.5;27.2;27.2
2020;6;3;26.6;24.2;26.7;NA;25.4;NA;27.8;26.6;26;20.6;25.7;26.3;24.7;26;27.7;23.8;26;22.2;25.9;26.2;24.8;27.2;NA;25.7;22.1;24;16.5;11.9;15;23.3;22.7;14.8;26.6;15.1;26.9;26.8;27.5;26.6;NA;NA;24.1;NA;24.5;25.2;26;NA;21.9;25.6;25.7
2020;6;4;21.8;16.1;22.3;NA;17.3;NA;20.1;21.2;20.6;15.3;22;23;17.1;20.6;21.6;16.9;20.7;14.4;22.9;19.5;21.5;22;NA;21.5;21.5;21.3;9.5;8.2;7.5;22.3;15.5;9;22.2;10.6;20;22.7;22.7;20.5;NA;NA;20.8;NA;17.5;22;18.3;NA;21.7;21.4;19.2
2020;6;5;23.8;21.8;23.6;NA;20.6;NA;24.5;23.2;23;NA;23.3;24.8;21.3;22;23.4;18.8;20.6;16.7;23.8;18.5;22.1;23.5;NA;23;21.3;22.3;7.2;8.1;8;22;13.1;11;23.4;12.6;23.9;23.5;22.8;19.2;NA;NA;21.6;NA;12.4;23;19.2;NA;20.7;21;22.8
2020;6;6;26.8;22.4;26.5;NA;23.9;NA;25;25.6;26;20.1;27.5;27.8;21.3;25.9;25.8;22.3;24.5;20.6;25.8;24.5;24.4;26.5;NA;26.2;24.1;26.5;14.8;11.9;14;24.1;23.4;12.3;26.3;14.4;24.2;26.4;25.8;26.3;NA;NA;23.5;NA;22.3;25.8;24.1;NA;21.5;25;23.6
2020;6;7;24.5;19.1;24.6;NA;19.2;NA;22.2;22.7;24.8;15.6;24.6;24.9;17.7;23.8;24;17.7;21.9;15.5;24.9;21.7;23.1;25.3;NA;24.8;22.2;23.9;11.5;9.5;9.1;25.2;17.3;11.2;24.9;13.4;21.6;24.4;24;23.8;NA;NA;23.2;NA;20.1;23.7;18.6;NA;24.1;22.9;20.4
2020;6;8;19.1;16.5;19.5;NA;17.2;NA;21.2;19.9;21.1;11.2;22.8;22.8;17.3;19;19.3;16.6;17.6;15.2;23.3;17.6;22.3;22.3;NA;19;21.8;22.3;7.3;8.8;8;23;16;10.3;20.1;11.2;20.2;19.2;19.7;19;NA;NA;21.4;NA;13;23.7;17.3;NA;21.2;18.9;18.2
2020;6;9;23.6;21;23.8;NA;24.1;NA;23.9;23.5;22.9;15.2;23.7;24.7;21.2;23;24;20.7;22.7;16.3;23.3;23;22.9;23.4;NA;23.1;21.6;22.6;8.7;11;9.6;22.8;19.9;11.9;25;12.3;23.3;23.4;24.1;22.7;NA;NA;21.8;NA;17.1;23.7;21.3;NA;23.2;22.3;23.1
2020;6;10;20.4;16.2;20.4;NA;19;NA;18.2;17.8;20.9;14.6;22.9;22.7;17.4;20.2;18.7;16.9;18.8;14.6;22.8;18.6;20.6;21.8;NA;19.5;20;22.3;8;8.5;9.7;20.7;15.3;9.4;21.4;9.7;18.4;20.2;NA;21;NA;NA;20.3;20.6;17.1;21.8;18.1;NA;19.5;18.2;17.7
2020;6;11;23.3;17.6;23.5;NA;23;NA;22.7;23.2;23.5;17;23.5;24.5;19.7;23.5;24;21.4;22.8;18.4;23.9;23.2;21.8;24.2;NA;22.9;21.3;22.5;10.6;9.9;7.9;22.4;20.3;NA;23.2;10.9;22.1;23.8;NA;23.6;NA;NA;21.9;23.1;19;22.7;22.2;NA;20.6;22.3;21.5
2020;6;12;25.1;23.5;24.8;NA;22.3;NA;25.7;25;24;19.5;24.2;25.1;22.4;24.1;25.8;21.9;24;21.3;24.2;24.1;23.3;24.5;NA;24;22;22.6;15;9.9;13.5;23;19.9;12.7;25;12.9;25.3;25.4;NA;24.6;NA;NA;21.5;24;22.9;23.6;22.8;NA;21.7;23.7;23.9
2020;6;13;26.8;25;26.9;NA;26.2;NA;27.8;27.2;26.3;22.6;26.1;26.9;25;26.5;27.4;25.3;26.3;23.5;25.8;26.1;25.2;26.6;NA;26.7;24;24.7;18.1;NA;14.8;25.4;23.4;15.1;26.4;16.8;27.2;27.2;NA;27;NA;NA;24.6;27.1;25.6;25;26.1;NA;23.7;26.2;26.6
2020;6;14;24.6;23.8;24.4;NA;21.7;NA;26.1;23.9;23.1;20.4;24.5;25.3;22.5;23.9;25.1;22.6;23.1;24.3;24.5;22.8;22.6;24.2;NA;23.5;21.9;24.2;12.3;13.5;15.3;22.8;18.8;14.8;24.3;14.8;24.2;24.1;NA;23.4;NA;11;21.7;24.3;20.9;24.1;22.7;NA;21.7;22.3;23.3
2020;6;15;22;19.3;21;NA;20.1;NA;22;21.7;20;14.4;21.3;21.4;19.3;20.3;21.7;19.9;19.9;17.8;21.3;19.8;21.3;20.6;NA;20.5;21.1;21;9.4;10;12.4;22;17.2;12.2;21.7;13.6;21.5;21.3;NA;20.3;NA;15.7;19.8;21.6;15.5;21.4;20.3;NA;21.4;20.2;20.2
2020;6;16;28.3;24.4;27.2;NA;25.3;NA;27.3;27.2;26.5;20.7;28;28.4;23.2;27;27.7;23.3;25.4;20.5;27.5;25.4;26.5;26.8;NA;26.9;26.7;27.3;13.9;12.6;12.9;25.1;22.4;15.6;27.2;15.7;25.9;26.8;27.1;25.4;NA;17;24.7;27.8;21.6;27.6;25.5;NA;24.2;25.7;24.6
2020;6;17;28.1;23.9;27.4;NA;24.8;NA;27.8;26.5;26.8;20.2;27.4;28.1;23.1;27.2;27.9;23.6;26.3;19.3;26.6;26.3;26;27.5;NA;26.9;25.7;26.6;14.3;11.6;12.6;25;20.6;14.5;27.4;15.4;26.5;27.7;27;25.8;NA;16.5;24;27.7;23.4;26.7;24.6;NA;23.8;26.7;25.3
2020;6;18;26.8;23.7;26.1;NA;24.2;24.2;27.4;26.6;25;20.8;26;26.3;24.1;25;27.6;23.5;25;20.5;26.1;25.4;25.2;26.2;NA;26.1;24.2;24.5;15.2;11.2;14.5;25.9;20.3;14.3;26.7;15.5;26.9;26.3;26.9;25.6;NA;18.2;23.6;26.4;22.6;25.4;24.8;NA;24.8;25.4;25.1
2020;6;19;26.1;23.2;25.9;NA;22.6;24;26.1;25.3;24.9;18.5;26;26.7;22.3;24.1;26.3;22.3;23.4;19.5;25.8;24.1;24.9;26.1;NA;24.6;24.3;24.2;13.1;12.3;13.2;25.8;19;13.9;26.5;14.5;24.8;25.1;25.2;24.9;NA;16.3;23.1;25.7;22.1;25.4;23.5;NA;24.2;23.4;23.2
2020;6;20;27.6;24.8;27;NA;25.6;24.8;28.3;27.1;26.4;18.6;27.2;27.5;24.3;26.1;27.1;23.4;26.2;22.1;26.1;25.6;25.7;27.2;NA;26.4;25.8;26.5;12;13;16.4;25.2;22.4;15.3;27.2;15.5;27.2;27.7;26.7;26.4;NA;19.3;24.2;27;20.5;26.2;24.9;NA;24.4;26.1;25.8
2020;6;21;26.3;24.6;25.6;NA;26.2;23.5;27.8;26;24.2;18.6;25;26.5;24.7;25.2;26.4;25.1;25.6;24;25;25.6;25.3;25.2;NA;25.3;23.5;22.9;12.9;13.4;17.2;24.1;21.6;16.6;26.3;17.3;26.8;26.2;26.2;24.8;NA;20.1;23.4;26.5;20.3;25.2;26.8;NA;23;24.6;26.1
2020;6;22;32.3;30.9;32.7;NA;31.3;29.5;31.7;32.2;31.5;22.9;31.4;32.1;29.4;31.8;32;29.2;31.7;26.6;30.2;31.3;30.7;32.8;NA;31.9;29.6;29.2;16.1;17.3;17.3;27.9;28.5;20.4;32;20.3;31.1;33.8;31.3;31.8;NA;22.3;29;32.2;25.2;30.1;31.6;NA;27.8;32.1;30.9
2020;6;23;31.5;29.6;31.5;NA;30.3;28;31.4;30.9;30.8;25.3;31.2;31.9;29.2;30.9;31.2;29.5;30.8;26.8;29.7;30;30;31.7;NA;30.8;29.5;31;18.8;18.6;19;28.8;27.8;19.6;31.6;20;30.8;32.2;31.1;30.7;NA;24.9;27.8;31.8;26.7;30.4;30.8;NA;27.6;30.5;30.6
2020;6;24;28.7;25.5;28.6;NA;26.3;26.2;27;28.7;27.7;21.6;29.1;30;25.3;27.7;28.1;25.2;27.4;23.8;28.1;26.7;27.7;28.8;NA;28.4;27.3;28.4;16.9;13.6;15.6;27.1;24.1;15.8;28.7;15.1;27.1;29;27.9;27.6;NA;19.4;26.4;28.8;24.6;28.4;26.4;NA;25.5;27.5;27.3
2020;6;25;25.5;19.9;25;NA;19.7;23.1;25;25.1;23.7;14.2;26.1;27.5;21;22.4;25;18;22.2;16.4;26.9;19.7;26.7;25.6;NA;24;25.1;25.3;9.6;10.1;9.8;25.7;17.3;12.6;26.3;12.9;24.9;24.1;24.3;22.3;NA;13.5;24.5;25.5;15.4;27.2;20.1;NA;24.1;22.8;23.9
2020;6;26;29.5;27.2;29.1;NA;28.5;26.9;29.7;29.9;28.3;21.5;28.5;29.2;25.7;28.3;29;25.1;27.6;22.3;27.9;27.8;27.9;28.8;NA;29;27.2;27.2;16.2;14.2;13.6;26.3;24.9;15.9;29.5;15.3;29.7;29.2;28.8;28.1;NA;20;26.6;29.6;24.9;27.8;27.1;NA;25.6;27.8;28.7
2020;6;27;30.1;28.3;30.3;NA;28.9;28.1;31.1;30.4;29.9;24;30;31;27.2;30.4;30.2;27;29.2;26.3;29.3;29.1;28.7;30.6;NA;30.1;26.7;27.7;20.1;15.7;17.8;27.4;26.7;17.9;29.9;18.9;30.9;31.1;30;29.7;NA;23.4;27.9;30.4;27.6;28.8;28.8;NA;26.2;29.1;30.2
2020;6;28;32;29.4;31.9;NA;29.6;30;31.9;32.2;31.2;26.3;32.1;32.3;28.9;31.2;31.7;29.2;30.5;27.1;31.1;30.7;30.3;32.5;NA;31.2;29.1;30.8;21.6;17.5;20.8;28.6;28.1;20.2;31.3;20.8;31.6;32.3;31.4;31.2;NA;25.1;29.7;32;28.1;30.7;30.1;NA;27.6;30.8;30.4
2020;6;29;29.6;26.7;29.6;NA;27.5;28.6;29.6;29.9;29.3;21.3;29.5;30;27.3;29.4;30.3;24.5;28.7;22.1;29.1;28.5;28.8;30.2;NA;29.5;27.7;27.9;15.5;14.5;14.8;30.5;23.6;18;30.4;19;30.3;30.3;29.4;28.8;NA;18.3;28;29.8;24;28.6;26;NA;28.8;28.9;29
2020;6;30;31.6;27.6;32.3;NA;27.5;29.6;30.4;31.1;31;21.9;31.7;32.5;27.6;28.9;30.9;26.7;29.4;23.2;31.1;29.4;30;32.3;NA;31.2;30.9;30.5;16.8;15.2;15.3;28.9;25.3;17.5;30.8;18.8;30.8;31.5;30.4;29.7;NA;20.9;30.2;31.6;23.7;30.9;28.6;NA;27.8;30;29.7
2020;7;1;31.8;30.3;32;NA;29.6;31.3;31.2;31;32.2;25.4;32.4;32.9;28;31.8;31.1;29.2;30.6;25.6;32.4;30.5;30.5;32.8;NA;31.3;29.6;31;18.9;16.8;18.2;29.5;26.4;18.9;31.2;19.3;30.7;32.6;30.7;31.3;NA;22.6;31.1;32;26.8;32.2;29.9;NA;27.8;30.9;30.3
2020;7;2;29.5;29.7;30.4;NA;29.1;27.4;30.1;29;29.3;23.1;30;30.5;28.9;29.7;29.6;29.2;29.7;26.3;28.9;30.1;28.3;29.8;NA;29.8;27.8;29.6;17.1;17.9;18.9;27.8;26.7;19.9;29.3;20.8;29.7;30.7;29.5;29.8;NA;21.5;28.4;29.9;24.4;28.9;30.2;NA;26.7;29.4;29.3
2020;7;3;27.5;27.3;28.1;NA;28;24.9;28.3;27.7;26.1;19.7;28.5;29;NA;26.9;28.4;25.7;27.7;23.4;27.7;27.7;27.8;26.8;NA;27.4;26.4;26.4;12.8;16.7;13.9;26.2;25.9;18.5;28.7;17.7;28.2;27.9;27.8;26.6;NA;18.2;26.7;27.7;21.1;27.9;28.9;NA;25.7;27.3;28.3
2020;7;4;30.3;28;30.9;NA;28.6;28.2;29.3;29.8;29.8;23.1;30.5;32.1;27.3;29.3;30.2;27.8;29.1;25.6;29.8;28.4;29.1;30.5;NA;30.1;28.6;29.5;16.2;15.9;17.4;28;25.7;17.7;30;17.4;29.3;30.6;29.7;29.5;NA;21.6;28.9;30.2;24.4;30.7;28.5;NA;28.1;29.5;28.5
2020;7;5;31.1;29;31.3;NA;29.5;30.7;30.8;30.7;31.1;26.3;32;31.7;28.6;30.4;31.3;27.7;30.1;27.8;31.2;29.3;31.1;31.6;NA;31.2;29.9;31.4;19.5;17.4;20;29;27.1;19.3;30.7;19.3;30.2;31.8;30.5;30.8;NA;23.3;31.8;31.1;27.1;31.8;29.4;NA;29.1;30.3;29.9
2020;7;6;33.8;30.7;34.3;NA;32.2;32.7;32.7;33.1;33.6;26.3;34.1;34.2;30.8;32.9;33.7;31;32.6;27.6;33.7;31.6;33;34.1;NA;33.6;33.6;33.7;19.9;18.9;19.3;31;29.3;20.5;33.2;21.8;33.1;34.5;33.4;33.3;NA;23.9;32.8;33.5;27.5;34.9;32.1;NA;29.4;32.8;32.2
2020;7;7;27.6;25.5;27.9;NA;26.6;24.7;27.1;27;26.8;19.9;27.3;28.4;26.5;26.3;27.2;25.1;26.7;22.5;27.2;26;25.5;27.2;NA;27.5;24.9;25.7;13.6;13.1;13.5;25.1;23.1;15.6;27.2;15.2;26.4;27.7;26.6;27.8;NA;19.2;25.1;27.7;21.6;27.3;26.7;NA;25.5;26;26
2020;7;8;28.5;26;28.3;NA;27.3;26.2;28.2;28;27.9;21.9;28.7;29.5;25.8;27.7;28;25.5;27.2;23.8;28;26.9;27.3;28.2;NA;27.8;27.7;28.4;16.9;13.9;15;25.5;25.2;15.7;28.1;16.3;27.8;28.4;27.6;28.5;NA;21.1;26.7;28.2;25.2;28.4;27;NA;23.9;27.1;26.7
2020;7;9;30.9;30.3;31.5;NA;30.7;30;30.7;30.8;31.3;25.5;31.9;31.9;29.8;31.2;30.6;29.1;30.7;27;29.7;29.8;29.4;31.2;NA;31.1;29.6;30.7;20.2;17.3;20.6;27.1;28.2;19.6;31.1;20.1;30.4;31.8;30.7;31.8;NA;23.5;29.4;30.8;27.7;30.4;30.2;NA;25.8;30.2;30.4
2020;7;10;32.2;29.7;32.1;NA;30.9;29.5;31.8;31.7;32.1;26.3;31.3;32;29.7;32;31.8;29.1;31.7;28.1;29.9;30.6;29.5;31.7;NA;31.7;28.4;30.6;21.7;19.1;21.8;28.1;28.5;20.1;31.3;20.7;31.4;32.5;31.5;32.7;NA;24.8;29.2;31.4;29.7;30.2;31;NA;26.9;31.3;30.6
2020;7;11;27.9;NA;28.9;NA;22.1;29.5;25.9;26.2;29.3;18;29.7;29.5;23.8;27.8;27.1;21.5;26.3;20.1;30.5;23.9;28.2;29.9;NA;28.5;28.1;29;15.2;14.6;14.3;29.2;21.6;17;27.8;18.1;25.2;28.9;26.1;28.5;NA;19.2;28.9;28.3;20.6;30.8;22.2;NA;26.6;27.6;25.8
2020;7;12;28.3;25.7;28.2;NA;26.7;24.8;27.7;27.5;28;19.5;28.4;29.1;25.7;26.9;27.6;25.7;27.4;22.6;27.4;27.1;26;27.8;NA;27.5;25;26.3;12.4;14.7;13.8;25;23.6;14.9;27.5;14.8;27.4;27.7;27.4;28.4;NA;19.5;25.2;27.8;21;27.3;27.2;NA;25.4;26.4;26.5
2020;7;13;27.8;24.2;28.1;NA;26.4;25.1;27.1;27.2;28.3;19;28.4;28.9;25.3;27;27.3;24.9;27.6;21.7;27.8;26.5;26.1;27.9;NA;27.7;25.2;26.8;12.9;13;13.5;25.3;22.9;15.4;28.4;14;26.4;28;27.2;28.5;NA;17.5;25.6;27.5;20.9;28;26.6;NA;25.6;26.5;25.9
2020;7;14;28.6;25.6;28.6;NA;26.7;25.7;27.4;27.7;28.6;21;28.9;29.6;25.4;27.2;27.5;25.4;27;22.2;28.9;26.8;27;28.7;NA;28.6;27.6;26.4;14.4;12.5;14.4;26;23.9;14.8;27.8;15.2;26.9;28.4;27.1;29;NA;19.4;26.1;28;22.6;28.4;26.5;NA;26.3;26.9;26.1
2020;7;15;29.2;25.8;28.5;NA;27.1;26.2;28.3;28.1;29;21;28.2;28.8;25.8;27.7;27.9;24.4;27.3;21.2;28.2;27;27.2;28.6;NA;28;26.3;27.4;14.6;13.9;15.7;26;23.8;15.3;28.5;16;28;28.6;27.1;28.8;NA;19;26.5;27.5;23.1;28.3;26.4;NA;23.9;27.1;26.5
2020;7;16;28.7;25.3;28.5;NA;25.5;25.9;28.3;28;28.8;19.6;28.7;29;25;27.1;28;23.8;26.8;21.2;27.8;26.3;26.5;28.8;NA;28;25.3;28;13.8;13.7;NA;25.2;22.9;14.7;28.5;16.4;26.7;28.7;27.3;28.7;NA;17.6;26.4;27.7;21.4;28.3;25.8;NA;24;27;26
2020;7;17;26.1;23.7;26.7;NA;25.4;23.8;26.4;25.6;27.1;19.1;26.8;28;24.2;26;25.5;24.3;26.6;21.8;27.2;26.3;24.9;26.8;NA;26.4;NA;25.9;11.5;14.2;13.3;24.7;23;14.1;26.2;14.8;26.1;27.1;25.8;27.6;NA;18.3;25.2;26.4;20.8;26.3;26.6;NA;24.9;25.3;24.6
2020;7;18;25.9;21.7;24.4;NA;23;24.1;25.6;26.3;25.2;16.5;24.5;24.4;21.8;23.1;24.7;21.7;23.2;19.2;25.9;23.8;24.5;24.9;NA;23.7;24.3;24.8;8.9;11.1;12.6;23.6;19.9;13.1;26.6;13.8;24.4;24.6;24.5;25.5;NA;16;22.9;24.1;17.6;24.7;23.7;NA;22.6;23.4;23.7
2020;7;19;28.2;25.3;27.9;NA;26.7;25.1;27.8;27.4;27.8;22.1;27.7;27.9;24.3;27.2;28;24.8;26.4;21.8;27.4;27;26.5;28;NA;26.9;26.2;27.7;14.8;14.9;16.4;24.9;23.5;16.8;27.7;16.8;26.9;27.9;27.1;30.5;NA;18.8;24.9;26.7;22.8;27.1;26.9;NA;23.4;26.1;25.7
2020;7;20;29.7;27.7;29.9;NA;29.4;26.9;30;29.3;30.1;24.6;29.3;29.8;28;29.7;29.6;28.2;29.1;25.6;29;29.2;27.3;30;NA;29.2;27.3;29.3;19.6;17.2;19.4;27;26.5;17;28.9;18.3;29.9;29.9;29.3;NA;NA;22.9;26.7;29.2;27.4;28.7;29.2;NA;25.8;28.8;28.5
2020;7;21;31.6;29.5;31.4;NA;30.5;29.8;31.6;31.9;31.8;26.5;31.2;31.8;29.5;31.1;31.4;28.7;30.7;27.3;31.4;30.3;29.7;32;NA;30.9;28.5;30.1;21.5;17.3;20.3;28.1;27.9;20;30.3;20.4;31.1;31.8;31.1;NA;NA;25.7;29.4;30.4;29.1;31;30.8;NA;26.8;30.5;30.5
2020;7;22;33.1;31;32.8;NA;31.6;30.3;32.5;32.9;33.4;23.6;32.9;33.6;30.5;32.8;32.2;28.6;31.9;26.2;32.3;31.6;30.8;32.6;NA;32.3;30.9;32.3;19.1;18.5;20.7;28.8;28;20.1;31.9;21.2;32.5;33.5;32.2;NA;NA;24;31.5;31.8;26.4;32.3;31.2;NA;28.8;32;31
2020;7;23;32.4;29.6;32.5;NA;32.5;32.1;31.9;32.1;33.9;24.6;33.3;33.2;30.2;32.9;31.7;30.3;31.9;26.6;31.8;31.6;31.3;33.5;NA;32.2;32.2;32.2;17.8;17.7;19.6;30.7;29.1;20.3;32;21;31.7;33.3;31.7;NA;NA;23.4;32;31.3;25.9;32.3;32.1;NA;28.7;31.5;30.6
2020;7;24;25;21.5;24.4;NA;25.3;25.5;24;24.8;25.1;21;25.2;25.7;23.4;24.8;24.8;24.4;24.8;20.2;25.1;24.9;23.2;25.6;NA;25.4;25;26;15;14;16.8;28.2;23;15.6;23.7;15.6;23.7;26.3;25.7;NA;NA;18.2;25.8;24.2;22.3;24.3;26.1;NA;27.3;25.1;24.6
2020;7;25;29.1;27.2;29.1;NA;28.7;25.5;30.1;30.3;29.4;23.6;28.3;29;26.7;29.3;29.8;26.5;27.9;24.6;28.1;28.2;27.9;28.2;NA;28.4;26.7;27.9;16.6;16.3;18;26.4;25;17.8;29.3;18.9;29.2;29.8;29.5;NA;NA;21.5;26.1;27.4;25.2;27.5;27.6;NA;25.3;28;28.8
2020;7;26;30.1;27.1;30.2;NA;28.7;28.2;30.1;30;30.3;22.3;30;30.8;26.8;29.6;29.4;26.8;28.5;25.2;30.5;28.4;28.4;29.8;NA;29.5;27;27.6;17;15.8;16.6;28.2;26.1;18.1;29.3;18.6;29;30.4;29.2;NA;NA;22.6;28.3;29;25.1;29.9;28.7;NA;27;28.6;28.2
2020;7;27;32.5;29.6;32.6;NA;31.3;30.8;31.6;32;33.2;25.5;32;32.6;29.5;32;31.4;29.1;30.8;26;32.5;30.4;30.8;31.6;NA;32.1;30;31.2;19.8;18.2;19.8;29;28.2;20.3;31.7;19.9;31.4;32.9;31.6;NA;NA;23.1;30.8;31.6;27.4;32;31.1;NA;27.9;31.1;30.1
2020;7;28;33;30;32.6;NA;31.6;30.7;32.6;32.9;33.5;27.7;32.5;33;29.7;32.4;31.9;29.6;31.1;28.1;32.3;30.6;30.5;32.2;NA;32.9;30.2;31.5;22.7;20.4;22.4;28.9;28.9;21.1;32;22;32.2;NA;31.8;NA;NA;25.9;30.9;31.6;30.4;31.8;31.7;NA;27.7;31.7;30.8
2020;7;29;33.8;30.8;33.6;NA;32.9;32.5;32.9;33.3;35.2;28;34.3;34.2;31.2;34.1;32.9;31.7;31.9;28.6;33.4;32.1;32.2;34;NA;33.5;33;33.9;21.5;20.1;22.9;31;30.3;21.4;33.5;21.5;32.7;NA;32.3;NA;NA;25.4;32.3;32.7;28.7;33.7;33.4;NA;29.3;32.7;31.4
2020;7;30;35;32;36.1;NA;34.5;33.3;34.6;35;36.8;27.6;34.9;35.9;32.6;35.3;34.6;32;33.7;29.1;35;33.4;33.3;35.7;NA;35.4;33.7;34.1;21.9;20.9;22.4;32.8;31.3;22.4;35;22.1;34.3;NA;34.6;NA;NA;27;34.3;34.4;28.4;34.5;34.6;NA;30.5;34.9;33.7
2020;7;31;35.8;33.2;36.2;NA;34.8;33.1;36.2;35.1;36.4;29.9;35.2;35.7;33.1;35.9;34.8;33.2;34;30.9;34.7;33.6;33.5;35.6;NA;35;32.8;34.2;24.3;22.5;25.2;30.9;32.2;24.6;35.6;24.1;35.4;NA;35.2;NA;NA;28.8;33.4;35.1;31.1;34.1;34.8;NA;30.4;34.6;34.5
2020;8;1;35.7;33.3;36.5;NA;35.5;35.7;36.2;35.7;36.7;30.7;37.3;37.2;34;36.6;35.2;34;34.4;30.5;36.5;34.4;34.6;37;NA;35.7;35.6;36.1;24.3;21.8;25.5;33;31.6;23.5;36;24.1;35.3;NA;35.1;NA;NA;28.6;36;35.2;32.4;35.9;36;NA;30.5;35.3;35
2020;8;2;30.1;29.5;28.8;NA;28.8;30;30;30.1;27.7;18.8;30.5;30.3;29.7;27.7;29.4;26.4;27.4;22.7;31.7;28.2;29.3;28.8;NA;28.4;28.3;29.7;14.8;18.8;15.8;30.3;24.1;20.4;30.4;20.7;29.5;NA;28.8;NA;NA;21.6;30.2;28.1;20;30.3;27.4;NA;30.3;28.5;29.6
2020;8;3;28.5;26.2;28.4;NA;27.5;25;28.3;27.5;28.1;20.6;28.5;29.4;25.6;27.7;27.7;25.3;27.1;21.9;28.8;28.5;27.8;28.7;NA;28;27.4;27.6;14.5;14.8;15.4;27.8;24.4;16.3;28.6;16.7;27.5;NA;27.5;NA;NA;19.5;27.3;27.9;22;28.8;27.8;NA;27.1;27.4;27.6
2020;8;4;28.4;24;28;NA;27;26.2;26.8;27.5;28.3;20;28.3;29;24.7;28.6;28;26;27.1;19.4;28.4;28.1;27.1;28.1;NA;28.3;26.4;27.8;12.9;15.8;13.5;25.9;25.9;16.3;29.5;15.3;25.8;NA;27;NA;NA;18.4;27;26.7;21;27.9;28.1;NA;24.8;28.1;26.1
2020;8;5;27.7;25.1;27.7;NA;26.3;23.4;28.4;27;27.3;16.8;28;28.5;25.5;27.4;28.3;24.7;27.2;19;26.6;27;26.4;26.7;NA;27.8;25.3;25.2;9.7;14.9;13.2;23.8;23.8;16.6;28.5;18;27.7;NA;28;NA;NA;18.7;23.2;NA;17;27;27;NA;23.7;27.3;28.2
2020;8;6;30.6;28.9;30.8;NA;30.1;28.1;30.6;30.6;30.9;23.9;31.4;31.3;28;30.9;30.7;29.6;29.3;25.9;30.3;29.1;28.8;30.6;NA;30.9;28.6;29.5;16.9;19;18;28.7;27.5;21.8;29.9;21.4;30.1;NA;30.1;NA;NA;23.4;28.6;NA;26;29.8;30.9;NA;28.8;30;29.8
2020;8;7;34.3;32;34.4;NA;33.1;31.1;33.8;33.2;33.8;25;34.1;34.8;32.1;32.4;34.1;31.6;32.6;27.2;34.3;32.3;32.3;33.7;NA;34.3;32.6;32.9;17.6;20;19.5;32.4;29.1;22.1;33.7;21.9;33.7;NA;33.9;NA;NA;24.4;31.8;NA;26.7;33.4;33;NA;32;33;32.7
2020;8;8;34.8;33.9;35.1;NA;33.9;31.7;34.7;34.6;34.6;26.3;35.3;35.6;33.8;34;34.7;33;33.6;28.4;35.2;33.3;33.7;34.3;NA;34.9;32.6;34;19.7;21;21.7;32.9;31;22.7;35.1;23.7;35.2;NA;34.7;NA;NA;25.9;32.6;NA;27.8;34;34.4;NA;32.6;34.1;34
2020;8;9;35.3;32.2;35.3;NA;33.5;33;34.1;34.3;35;28.4;35.4;35.8;32.2;34.9;34.9;31.7;33.3;28.6;35;32.4;33.5;34.7;NA;35.4;34;34.4;21.6;20.6;22.2;31.5;30.5;22.3;34.8;23.2;34.5;NA;35;NA;NA;26.3;33.7;NA;29.4;34.5;34;NA;31.4;34.1;33.4
2020;8;10;33.6;31;33.4;NA;32.7;31.3;33.7;33.5;33.5;26.7;33.1;34;31.5;33.4;33.6;31.2;32.3;28;34;31.9;31.7;33.3;NA;33.1;32.1;32.7;21.1;19.6;20.8;31.5;29.4;21.8;32.9;22.2;34.2;NA;33.7;NA;NA;25.2;31.4;NA;29.2;32.7;32.5;NA;30.8;32.6;32.8
2020;8;11;33.4;31.5;33.6;NA;32.1;30.7;33.3;32.8;33.2;22.6;34.4;34.9;30.7;31.2;33.2;30.5;32.1;27.6;33.3;31.2;32.9;33;NA;33.7;33.2;32.5;19;19.9;NA;29.6;28.4;21.5;33.6;21.7;33.6;NA;33;NA;NA;24.2;31.1;NA;24.9;32.9;32.2;NA;28.9;32.8;31.9
2020;8;12;33.8;30.6;33.6;NA;32.9;30.6;32.8;33;33.2;26.6;32.6;33.9;30.7;33.7;33.1;30.1;32.2;27.7;33.6;31.4;32.5;32.9;NA;33.5;30.8;31.8;19.2;19.1;20.9;30.5;28.8;20.9;33.7;21.6;32.4;NA;33;NA;NA;25.2;31.8;NA;26.7;32.5;32.3;NA;30.4;32.5;31.7
2020;8;13;31.9;29.9;32.3;NA;30.4;30.1;32.4;32;31.7;26.4;30.9;31.7;29.3;31.6;32.4;29.9;31.4;27;31.9;31;30.6;31;NA;31.7;29.3;29.6;21;17.9;18.9;29.3;26.3;20.8;31.5;20.3;32.3;NA;31.9;NA;NA;23.1;29.8;NA;28.2;31.1;30.9;NA;28.4;31.1;30.9
2020;8;14;32.1;25.3;32.1;NA;28.1;30.1;30.8;32.4;32;23.8;31.9;32.9;28.9;31.6;31.6;25.8;30.2;22.5;31.7;29.7;30;31.3;NA;31.9;28.2;30.9;18;17;19.5;29;27.6;19.6;31.5;20.3;30.5;NA;30.8;NA;NA;20.3;30.6;NA;24.8;30.9;27.9;NA;28.1;31;30.3
2020;8;15;31.6;28.5;31.2;NA;30.2;30.4;30.8;30.8;32.1;23.9;32.1;32;29.2;31;31.6;29;29.4;26.2;32.1;29.1;30.9;31.3;NA;31.2;30.8;31.2;19.1;18.3;19.9;29.4;26.5;19.4;31.3;20.2;30.9;NA;31.2;NA;NA;24.5;31;NA;25;31.3;30.1;NA;28.2;30.5;29.7
2020;8;16;32;29.2;32.2;NA;30.8;30.7;31.6;32;32.5;23.5;32.2;33.1;28.9;31.6;32.3;28.7;30.7;26.1;32.6;29.9;30.8;31.3;NA;31.6;31.3;32.1;19.7;17.9;NA;29.5;27.7;17.8;32;19.8;31.7;NA;31.3;NA;NA;22;30.7;NA;25.8;31.9;30.3;NA;27.7;31.4;30
2020;8;17;31.4;NA;31.6;NA;28.6;29.3;30.6;30.5;31.9;24.4;31;31.7;26.9;31.3;31;27.3;30;24;31;29.4;29.7;30.4;NA;31.4;29;29.7;19.2;16.6;17;28.2;26.7;17.6;31.2;18.3;30.1;NA;31.3;NA;NA;22.3;29.6;NA;26.5;30.7;29;NA;27;30.7;29.4
2020;8;18;27.4;27.4;27.6;NA;28.1;24.3;29;29.2;27;20.4;27.3;28.4;26.7;27.2;28.2;27.6;27.5;24.3;27.5;27.7;26.8;27;NA;27.4;26.1;26.1;15.4;16.2;16.1;26;25.1;18.7;28.2;19.1;28.2;NA;28.2;NA;NA;21.1;24.7;NA;22.2;26.6;28.8;NA;25;27;27.6
2020;8;19;29.9;26.8;30.4;NA;28.6;27.1;29.3;28.9;29.6;22.9;29.7;29.7;27.1;29;30;27;28.4;24.6;29.7;28.1;28.3;28.7;NA;29.5;28.4;29;18.2;15;17.6;27.2;25;17.9;29.3;17.9;29.3;NA;29.5;NA;NA;22.5;27;NA;24.9;28.9;28.6;NA;26.1;28.7;27.8
2020;8;20;31;28.3;30.9;NA;30.1;28.7;31.2;30.6;31.3;25.5;30.7;31.5;28.4;30.5;31;28;29.6;26.5;30.8;29;29.7;30.3;NA;30.5;28.2;29;20.6;17.9;20;28.4;26.6;19.5;30.8;18.9;30.4;NA;30.8;NA;NA;23.6;28.9;NA;28.4;30;29.7;NA;26.9;30.3;29
2020;8;21;31.8;29.5;32;NA;30.8;29.6;32.2;31.7;32.2;26.5;31.4;32.2;29.5;31.8;32.3;29.4;30.5;27.7;31.9;30.2;30.3;31.3;NA;31.2;29;30.8;22;18.9;20.6;29.7;28.1;20.5;31.4;21;32;NA;31.9;NA;NA;25.3;29.7;NA;29.3;30.6;31;NA;28.2;31.3;30
2020;8;22;32.1;28.9;33.2;NA;29.6;30.7;32.9;32.2;32.9;26.7;32.4;32.7;28.5;32.6;33.1;29.3;31.4;27.5;33.2;30.5;31.6;32;NA;32.6;29.4;29.8;22.2;20.4;21.1;29.9;27.5;19.3;32.1;20.1;32.2;NA;31.6;NA;NA;24.5;30.8;NA;29.1;31.9;31;NA;28.5;33;30.4
2020;8;23;30.9;29.4;32.4;NA;30.8;28.3;31.7;31.1;31.4;22.9;32.1;31.6;29.8;29.6;32.4;29.2;30.6;25.4;30.6;30.1;30.6;30;NA;31.6;29.1;29.6;15.8;17.4;18.1;29.2;27.2;20;32.3;20.7;30.9;NA;31.2;NA;NA;22.5;29.4;NA;24.4;31.5;30.9;NA;29.1;30.8;30.5
2020;8;24;28.8;26.8;30;NA;28.6;26.4;28.5;28.5;29.3;17.4;29.9;30.2;27.1;27.1;29.6;26.4;27.4;21.8;29.4;27.7;28.5;28.1;NA;29;27.3;27.9;10;13.9;14;27.1;25.4;16.5;30.8;17.4;28.3;NA;28.2;NA;NA;18.2;28;NA;19.6;29.2;28.3;NA;26.9;27.9;27.8
2020;8;25;29.9;26.8;30.9;NA;28.8;27.8;29.4;29.8;31.8;21.5;30.5;31.2;26.9;29.4;29.7;26.9;28.9;23;30.9;28;29;30.2;NA;30;27.9;29.1;15.6;15.5;15.9;26.9;24.8;16.9;30.5;16.7;29.2;NA;NA;NA;NA;19.9;29.3;NA;23.6;30.3;28.2;NA;27;29.6;28
2020;8;26;29.7;25.4;29.3;NA;27.2;27.9;29.1;28.3;29.5;21.4;29.1;30.1;25.9;28.2;28.5;25.4;27.2;22.6;29.8;27.2;28.2;29.1;NA;28.5;27.2;27.1;17.2;16.7;16.4;27.1;22.5;16.3;29.3;17.6;28.9;NA;28.6;NA;NA;21.4;28.4;NA;24.5;28.9;26.8;NA;25.4;28.6;27.1
2020;8;27;31;28.9;32.2;NA;31.2;29.3;30.9;30.6;32.5;24.2;31.1;31.4;29.5;30.9;31.7;28.7;30.9;24.8;31.4;29.6;30.6;31;NA;31.6;29;29.4;18.5;16.4;18.6;28.8;27;19;32.8;19.2;30.6;NA;31.7;NA;NA;21.6;30;NA;24.8;30.5;30.2;NA;28.9;30.6;30.3
2020;8;28;31;26.5;32.1;NA;27.9;29.7;30.6;30.9;33;22.6;31.9;32;26.9;30.6;31.1;25;30.7;22.8;31.8;30.2;30.9;30.8;NA;31.4;28.8;30.5;17.3;14.9;15.6;28.2;24.4;17.8;31.6;18.3;30.6;NA;31.2;NA;NA;20.3;29.8;NA;23.7;30.9;27.4;NA;27.5;31;29.5
2020;8;29;30.8;NA;31.1;NA;27.2;31.6;30.6;30.4;29.4;19.1;30.5;30.9;22.1;27.6;31.5;23.1;31.2;20.2;31.1;28.1;30.5;31.2;NA;30.3;28.3;30.1;15.3;15.6;13.5;31.5;23.7;16.8;31;17.9;30.3;NA;31.7;NA;NA;18;31.8;NA;19.1;29.7;24;NA;31.2;30.3;29.5
2020;8;30;26.1;25.6;26.7;NA;23.6;24.8;27.4;26.5;26.2;20.1;26.9;26.2;21.6;26.9;25.8;22.5;24.3;18.5;28.3;24.3;27.8;26.7;NA;25.9;27.2;26.1;15;14.3;12.6;27.8;22.2;15;27.5;16.4;26.4;NA;25.6;NA;NA;16.2;25.1;NA;22;26.7;24;NA;27.3;25.1;25
2020;8;31;23.6;20.7;24.1;NA;22.7;21.5;23.2;23.3;23.1;14;24.3;24.5;22;22.5;23.9;21.1;23;17.4;24.7;22.6;22.8;23.5;NA;23.4;24.1;23.2;10;11.3;10.3;24;20.2;13.6;24.2;14.5;23.2;NA;23.9;NA;NA;14.7;22.6;NA;16.5;24.1;22.5;NA;23.9;23;22.8
2020;9;1;26;22.7;25.9;NA;24.5;23.1;26.3;25.8;25.3;18.3;25;25.8;23.5;24.8;26.3;22.1;24.9;21.2;24.1;24.1;25.4;24.8;NA;25.7;23.9;23.6;11.6;12.9;NA;24.1;20.2;14.5;25.8;15.7;25.9;NA;26.1;NA;NA;16.9;22.8;NA;20.2;23.5;23.8;NA;22.9;25.1;24.8
2020;9;2;26.5;21.9;26;NA;23.1;24.3;24.9;25.2;26.2;14;27.4;27.9;21.3;24.3;25.8;21.8;24.6;17.9;27.7;24.7;26;26.8;NA;25.5;26.6;26.8;9.9;10.5;10.3;26.2;21;12.3;28;13.8;24.9;NA;25.6;NA;NA;13.7;25;NA;16.3;27.3;23.9;NA;25.3;NA;23.8
2020;9;3;27.6;24.9;27.6;NA;26;25.1;26.9;27.1;27.2;18.8;27.5;28.4;24.5;27;27.5;24.8;26.7;21.5;27.9;26.8;26.6;27.1;NA;27.6;27.4;27.2;12.2;12.8;14.3;26.3;22.6;15.3;28.6;14.3;26.7;NA;27.6;NA;NA;16.9;25.3;NA;19.9;27.7;26.1;NA;26.1;26.5;26.1
2020;9;4;28.8;25.3;28.2;NA;26.7;25.8;27.5;27.9;28.3;22.3;28.6;28.8;25.7;27.6;28.1;24.8;26.8;23;28.3;26.8;27.4;27.9;NA;28.3;26.5;27.7;17;15.5;17.5;26.5;23.7;16.9;28.5;17.5;27.2;NA;27.8;NA;NA;20.7;25.4;NA;24;28.7;26.3;NA;25;27;26.5
2020;9;5;29.1;27.1;28.5;NA;27.7;26.3;28.8;28.3;29.1;27.2;28.4;29.3;27;28.5;28.6;26.4;27.8;24.9;28.2;28;27.8;28.4;NA;28.7;26.8;27.3;21.4;19;20;26.5;25.2;20.1;28.5;18.8;28.7;NA;28.7;NA;NA;22.8;26.4;NA;28.2;28;27.7;NA;25;27.5;27.6
2020;9;6;30.3;25.5;30;NA;27.7;27.8;29;29.9;30.8;22.7;31.1;31.6;24.7;29.1;29.6;25.9;28.5;23.2;30.2;28;29.5;30.4;NA;30.4;28.9;27.5;16.2;15.6;15.4;27.6;24.3;16.9;31.3;18.2;28.9;NA;29.5;NA;NA;17.3;28.5;NA;23.2;30.7;27.1;NA;25.7;28.8;28
2020;9;7;27.5;21.6;27.4;NA;23.2;25.1;27.1;27.1;26.4;13.8;27.4;27.6;23.3;25;27.7;21;24.9;16.1;29;23.4;26.4;26.1;NA;26.2;25.7;26.3;9.5;13.1;10.5;25.9;21.4;14;28;15.7;26.4;NA;26.2;NA;NA;13.1;25.9;NA;15.7;27.1;22.5;NA;25.5;25.7;26.1
2020;9;8;28.6;26.5;28.8;NA;27.7;26.1;28.3;27.3;28.7;19.1;28.8;29.4;26.1;27.1;28.8;25.7;27.3;22.8;28.8;27.3;28;27.9;NA;28.3;27.1;27.8;11.7;15;13.4;26.9;23.8;15.8;29.4;16.8;28.5;NA;28;NA;NA;20.4;26.2;NA;19.6;28.6;27.2;NA;26.7;26.9;26.7
2020;9;9;29.7;26.2;29;NA;27.8;26.1;28.9;29.8;29.8;23.4;28.7;29.8;26.9;28.8;29;26;28.1;24.1;28.1;27.8;28.6;28.7;NA;29.5;28.8;26.2;17.8;16.7;19.2;26;25.4;17.4;29.4;18.1;28.4;NA;29.1;NA;NA;21.5;26.5;NA;23.9;28.3;27.5;NA;25.2;28.1;27.8
2020;9;10;30.8;28.5;31.1;NA;28.7;28.5;29.1;29.3;31.2;21.4;31.1;31.8;28.6;30.1;29.7;27.3;29.1;24.8;30.1;28.8;29.8;30.5;NA;30.7;30.3;29.9;16.9;16.5;18.4;27;27.1;18.5;31.2;19.2;29.5;NA;30.2;NA;NA;20.9;29.6;NA;23.3;30.2;28.6;NA;25.9;29;28.9
2020;9;11;29.9;27.6;30.3;NA;29.1;27.9;29.6;29;30.6;22.1;30.6;31.1;27.8;29;30.4;27.8;28.9;24.4;30.8;28.9;29.5;29.6;25.5;29.5;28.2;29.3;14.6;17.1;15.8;28.4;25.6;18;31;18.3;29.5;25.2;29.7;NA;NA;21.6;28.1;NA;23.3;29.5;28.9;NA;28.5;28.6;29.1
2020;9;12;31.2;28.9;31.6;NA;30.2;29.4;31;30.6;31.7;22;32.2;32;29.1;29.8;32;28.8;29.8;25.5;32.6;29.7;30.9;30.7;26.4;30.7;30.1;31;16.1;17.1;17.4;30.3;26.8;19.2;32.6;20;30.4;24.3;30.9;NA;NA;23.5;30;NA;23.6;30.9;30.3;NA;30;29.9;30.3
2020;9;13;32.8;29.2;32.5;NA;30.3;29.7;31.8;31.3;32.9;23.6;32.6;32.9;29.6;31.3;32.4;29.5;31;26.4;32.8;30.1;31.6;31.7;27.1;32.1;31.4;31.5;16.2;18;18;30.7;27.2;20.2;33.3;20.2;31.7;24.7;32.3;NA;NA;23.9;30.7;NA;25.1;31.5;30.5;NA;30.5;30.8;30.7
2020;9;14;32;28.8;32.2;NA;29.7;29.4;31.1;30.8;32.1;22.3;32.2;32.5;28.7;30.5;31.9;29;30.4;25.5;32.2;29.7;31.2;31.1;26.9;31.8;30.6;31.4;17.1;17.5;18;30.3;26.8;19;32.8;19.4;31.1;24.9;31.5;NA;NA;22.9;30.1;NA;23.6;31.3;29.9;NA;NA;30.2;30.6
2020;9;15;32;29.7;32.5;NA;31.3;30.3;31.6;30.9;32.3;22.6;32.4;32.7;30.1;30.6;32.4;30.2;30.4;25.6;33.1;30.4;31.7;31.7;26.4;31.1;32.4;31.9;15.3;17.9;18.7;31;28.5;18.9;32.9;19.8;31.2;23.8;31.8;NA;NA;22.9;31.1;NA;24.2;32;30.8;NA;NA;30.7;31.7
2020;9;16;31.8;29.5;32.2;NA;30.9;30.3;31.6;30.9;32.7;23;31.6;32.6;30;30.9;32.2;29.4;30.6;25.6;31.7;30.2;30.8;31.8;25.1;31.8;29.2;31.3;16.2;18.3;18.5;29.7;27.4;19.1;31.3;20.2;31.1;24.3;31.5;NA;NA;22.7;30.6;NA;24.4;30.5;30.9;NA;NA;30.5;31.3
2020;9;17;32.1;24.8;33.4;NA;27.2;29.7;32.4;32.3;31.8;21.8;32.8;33.4;26.2;31.6;32.6;26.3;29.7;24.2;32.3;28.1;31.3;32;25.8;31.9;32.2;32;14.8;19.4;16.4;29.3;25.7;19.8;33.8;20.5;31.6;22.9;32;NA;NA;21.7;29.3;NA;22.8;31.7;28.4;NA;NA;31.6;31
2020;9;18;27.9;26;28.7;NA;26.9;24.2;28.6;27.4;28.3;18.2;28.2;28.7;26.7;25.4;28.4;26.5;26.3;23.9;27.6;26.7;26.9;27.2;23.2;27.4;26.3;26.2;13.6;17.9;16.2;25.6;24.2;18.2;29.1;17.4;27.5;22.8;27.8;NA;NA;22.1;25.8;NA;19.6;26.9;27.5;NA;NA;26.3;27.7
2020;9;19;27.2;24;27.5;NA;25.3;25.2;26.7;26.2;27.3;18;27.5;28.1;24.1;25.9;26.6;23.9;26;22.3;27.4;25.4;26.2;26.8;21.8;27.7;24.7;26.4;13.6;15.2;14.8;25.8;22.7;15;27.7;16.1;26.4;21.7;26.8;NA;NA;20;25.5;NA;19.8;26.4;25.3;NA;NA;25.8;26.6
2020;9;20;28;24.6;27.5;NA;26;26.1;26.4;26.8;27.6;19;27.7;28.4;25.1;27;26.9;23.9;26.1;21.3;27.5;25.7;26.5;27.8;21.5;27.7;25.8;25;14.1;14.9;14.7;24.8;22.8;15.1;28.5;16.4;26.3;19.6;27.2;NA;NA;18.1;26;NA;20.8;27;25.4;NA;NA;25.9;26.3
2020;9;21;26.9;24.2;27.6;NA;24.9;25.7;26.8;26;26.2;17.6;27.6;28;25.2;26;26.3;24.4;26;21.5;27.1;25.5;27;27.2;21.9;26.7;24.1;24.8;13.9;13.4;14.9;24.7;22.5;15.5;27.7;16.2;27.2;19.9;27.1;NA;NA;18.1;26.1;NA;19.6;26.6;25.2;NA;NA;25.7;26.7
2020;9;22;24;20.9;23.6;NA;22.6;24;25.2;23.3;25.6;NA;23.5;23.6;22.8;24.1;23.5;21.6;22.9;17.1;22.9;22.9;23.1;24.7;20.8;23.3;22.9;23.1;11.6;11.3;12.3;23;19.4;13.2;23.4;13.5;24.6;20.5;23.8;NA;NA;15.7;24.9;NA;20.7;23.2;22.6;NA;NA;23.3;24.2
2020;9;23;22.9;20.5;22.3;NA;19.6;21;23.9;22.6;22.3;NA;23.1;23.5;20.2;21.7;22.5;20.1;21.7;16.2;23.4;22.2;22.3;23.3;20.6;22.5;22.1;22.5;11.5;10.1;10.3;23.3;18.1;11.6;23.3;13.4;22.7;18.9;22.9;NA;NA;13.6;20.3;NA;20.2;23.4;21.6;NA;NA;21;22.5
2020;9;24;25.6;20.9;25.1;NA;22.4;22.9;24.7;24.9;24.4;NA;25.1;25.2;20.5;24;24.9;21.1;22.9;18;25.2;23.8;24.6;25;21.9;24.7;24.9;23.4;12.3;10.6;11.8;23.9;19.2;12.3;25.2;12.9;24.6;20.6;24.8;NA;NA;15;22.8;NA;19.7;24.6;22.5;NA;NA;23.6;23.8
2020;9;25;25.8;19.9;25.4;NA;20.9;23.1;25.2;25.6;24.3;NA;25.8;25.5;17.3;24.3;25.8;17;23.7;15.8;26;21.7;25.6;25.4;20.9;25;25.1;24.4;9.4;10.2;8.6;25;18.3;10.7;26.2;12;25.1;19.2;25.5;NA;NA;12;23.2;NA;15.5;25;19.3;NA;NA;24.3;22.6
2020;9;26;18.7;16.2;17.7;NA;16;17.2;18.7;18;17.3;NA;18.5;18.9;16.2;16.8;18.5;14.1;16.5;13;18.6;16.4;17.4;18.3;15.1;16.8;18;17.7;2.8;3.9;4.9;18.5;13.9;8;18.1;9.1;18;13.6;18.2;NA;NA;9.2;17.1;NA;12.2;17.4;16.1;NA;NA;15.9;16.6
2020;9;27;18.1;14.4;18.4;NA;17.9;16.6;18.6;17.3;18.9;NA;18.5;19.1;16.3;18.6;18.1;16.5;17.4;11.5;18.4;18.5;17.2;18.5;15.4;18.1;16.7;17.8;3.6;3.9;4.9;18.7;13.8;5.7;18.6;5.8;17.5;NA;17.9;NA;NA;7.6;17.4;NA;11.4;18;17.9;NA;NA;17.3;17.6
2020;9;28;13.5;12.8;12.9;NA;12.2;12.6;16.1;13.6;13.7;NA;14.5;14;14;12.2;14;11.8;12.9;9.2;15.8;12.7;12.8;13.5;13.6;12.4;14.5;15.5;1.7;3.1;3.7;16.8;10.4;5.4;13.4;6.7;15.4;NA;14.1;NA;NA;7.4;12.4;NA;7.4;14.4;13.2;NA;NA;12.8;14.1
2020;9;29;21.8;18.6;21.4;NA;20.3;19.2;21.3;21.4;20.9;NA;21.7;21.5;19.3;20.7;20.9;19;20;16.9;21.1;20.3;21;21.5;15.7;21.5;NA;20.2;8.7;7.6;NA;19.9;16.9;9.9;21.2;11.1;20.5;NA;20.9;NA;NA;13;18.7;NA;17.6;20.1;20.2;NA;NA;20.1;19.7
2020;9;30;22.7;19.7;22.4;NA;20.9;19.6;22;21.8;21.9;NA;22.7;22.6;20.1;21.9;22;19.6;21.2;18.2;22.1;21.3;21.8;22.6;16.5;22.4;19.1;21;11.2;9.4;12.6;20.7;18.6;11.7;22.3;12.4;21;NA;21.9;NA;NA;16.3;19.6;NA;19.3;21.5;21;NA;NA;21;20.8
2020;10;1;19.5;15.8;18.6;NA;18;17.8;19.3;17.7;18;NA;20.2;20.2;17;17.7;18;16.6;18.1;14.6;20.9;17.9;20;19.7;18;17.8;18.8;18.9;11.2;7.1;8.7;21;14.8;7.9;20.9;9.7;18.8;NA;19.1;NA;NA;11.5;17.9;18.8;NA;19.9;17.7;NA;NA;17.5;18.1
2020;10;2;22;15.6;22.2;NA;18.8;21.1;19.9;19.6;22.1;NA;22.4;22.5;16.8;20.1;20.5;15.6;19;11.9;22.3;18.9;21.7;22.4;20.6;21;21.5;20.8;9.2;9.4;8;23.5;17.2;10.7;22.4;10.5;19.1;NA;19.7;NA;NA;10.4;21.2;21.5;14.7;22.4;18.8;NA;NA;20.3;17
2020;10;3;23.2;18.5;21.7;NA;19.6;22;21.2;21.9;21.4;NA;22.9;22.4;18.1;20.4;22.1;18.9;20.4;15.4;23;19.8;23.1;22.1;20.9;21;22.3;21.6;12.2;11.6;9.8;24.9;17.6;11.6;23.7;11.6;20.3;NA;21.7;NA;NA;13.6;22.1;22.6;NA;22.7;20.1;NA;NA;21;19.2
2020;10;4;23.5;16.3;22.7;NA;NA;20;21;NA;21.6;NA;22.4;22.6;14.3;20.7;20.8;15.2;19.9;10.6;22.8;19.7;22.3;22.5;19.9;21.9;21.6;21.7;6.6;6.8;4.3;22;14.3;6.7;22.9;8.2;21;NA;20.7;NA;NA;8.1;19.8;22.7;12.4;22.4;15.3;NA;NA;19.4;19.7
2020;10;5;22.3;16.6;21.2;NA;14.1;18.8;21.5;21.4;20.5;NA;21;21.4;15.7;20.8;22;15.5;21;14.3;21.4;19.5;21.7;21.8;18.7;20.8;19.6;20.3;NA;5.9;5.4;21.4;13.9;7.4;22.4;9.4;20.6;NA;21.3;NA;NA;10.1;18.5;21;11.2;20.3;14.1;NA;NA;20.4;20.1
2020;10;6;22;15;20.6;NA;18.6;18.7;20.9;21.3;20.5;NA;21.1;21.5;16.2;20;21.9;15.4;20;13.2;21;19.8;20.8;21.3;18.2;20.4;19.3;19.7;NA;5.4;6.8;20.2;15.5;7.7;21;8.7;19.7;NA;20.7;NA;NA;9.7;18.6;20.9;15.5;20.2;16.5;NA;NA;19.6;19.3
2020;10;7;21.8;19.1;21.1;NA;21.5;17.3;21.6;22.6;19.7;NA;22.4;22.4;20.1;20.7;21.2;19.8;20;16.1;20.8;21.5;20.2;20.7;16.9;20.8;19.3;19.8;NA;7.8;9.5;19.5;18.2;9.8;21.6;9.8;20.8;NA;21.4;NA;NA;12.7;17.3;20.5;13.6;21.2;21.2;NA;NA;19.9;20.2
2020;10;8;22.6;19.5;22.1;NA;20.7;19.5;22.3;22.9;21.4;NA;21.8;22.3;20.4;21.5;21.8;19.1;21.1;16.6;21.1;20.8;21.4;22.1;16.2;22.4;19.1;19.8;NA;8.8;10.5;20.5;18.1;10.5;22.4;11;21.9;12.9;22;NA;NA;13.9;19.4;21.4;16.3;21;20.4;NA;NA;21;20.4
2020;10;9;22.7;19.6;22.2;NA;20.7;20.7;21.1;21.7;22.1;NA;22.6;23.1;20;22.1;21.8;18.7;20.9;17.5;21.8;21;21.9;22.7;16.3;21.7;21.5;22.1;NA;12.1;12.2;20.2;18.5;12.4;22.1;13;20.9;13.3;21.3;NA;NA;14.8;20.6;21.4;19.1;21.7;20.6;NA;NA;21.2;20.5
2020;10;10;21.4;19.5;21.4;NA;20.3;19.2;21.5;22.5;20.4;NA;22.1;22;18.6;20.9;20.9;18.8;20.3;17.6;21.2;20.8;20.7;21.6;16.7;21.2;18.8;19.1;NA;9.2;11.6;20.3;17.5;11.2;21.4;11.1;20.5;13.5;21.8;NA;NA;14.9;19;20.8;17.1;20.8;20.2;NA;NA;20.1;20.4
2020;10;11;14.5;11.4;14.6;NA;13;13.3;15.7;14.9;14.2;NA;15.1;13.8;12.7;15.5;15.2;9.9;14.5;6.7;17.1;13.3;14;14.6;13.1;14;17.8;16.9;NA;4.5;0.5;17.8;12.2;5.4;14.5;6.6;15;10.2;15.8;NA;NA;3.7;14.4;14.1;6.7;14.9;11.4;NA;NA;14.1;13.8
2020;10;12;19.8;17.7;19.7;NA;17;14;19.8;19.8;18.6;NA;19.2;20.3;18.7;19.1;20.1;15.5;18;11.5;19.3;17.5;19.1;19;14.1;19.3;16.8;17.9;NA;2.9;1.1;16.5;13.8;6.4;20.5;8.6;NA;10.5;18.8;NA;NA;6.8;14.5;19;9.2;17.9;17.3;NA;NA;18.7;19
2020;10;13;18.6;15.9;17.9;NA;17.4;15;18.5;18.8;17.5;NA;17.4;18;17.2;17;18.4;16.4;17.1;13.6;17.2;17.2;17.5;17.8;13.3;17.6;16.2;16.3;NA;2.9;5.1;16.8;13.7;5.8;18.3;7.9;NA;8.8;18.1;NA;NA;9;14.6;17.3;12.2;16.6;17;NA;NA;17;16.9
2020;10;14;19.1;14.7;18.5;NA;16.6;16.5;17.9;19.6;18.1;NA;18.7;18.8;15.8;18.2;18.5;15.4;17.2;13.2;18.6;17.3;17.7;18.5;14.8;17.9;17;16.5;NA;2.4;5.4;17.4;13.7;5;19.3;6.3;NA;9.8;18.3;NA;NA;9.9;16;17.6;13.2;17.9;16.3;NA;NA;16.9;17.2
2020;10;15;12;7.9;12;NA;10.6;10.4;13.3;11;12.5;NA;11.9;11.4;9.6;11.4;11.3;8.2;10.9;5.3;13.2;10.8;11.4;11.8;13;11.6;13.4;13.6;NA;2.1;0.8;16.2;9.3;3.4;11.5;2.5;NA;9.9;12.2;NA;NA;4.5;11.2;11.6;3.6;11.7;9.5;NA;NA;11.4;11.7
2020;10;16;17.6;15.1;17.5;NA;16.2;15.9;17.9;17.8;16.6;NA;18;19.1;15.2;16.5;16.8;14.8;16.3;12.5;18.2;15.7;16.7;17.3;14.1;17.2;15.9;17.2;NA;4.9;5.6;17.2;12.5;6.2;17.7;6.1;NA;11.2;17.2;NA;NA;9.3;15.8;16.8;8.3;17.6;16.6;NA;NA;16.4;16
2020;10;17;18.5;13.4;18.6;NA;16.2;16;17.5;18;18.3;NA;18;18.6;14.7;17.1;18.4;13.8;15.9;11.9;18;16.3;17.2;18.4;13.9;17.6;16.3;17.1;NA;2.6;5.3;17.2;12.3;4.3;18.3;6.1;NA;10.3;17.8;NA;NA;9.5;15.8;17.4;10;18.2;16.2;NA;NA;16.8;16.5
2020;10;18;19.6;16.4;19.2;NA;18;17.7;18.7;19.5;19.1;NA;19.7;19.4;15.6;19.5;18.9;14.5;18;12.8;18.8;17.9;19;19.4;14.1;18.6;19;18.9;NA;3.8;5.1;18.5;14.1;6.7;18.9;7.3;NA;11.1;18.9;NA;NA;8.8;17;18.5;11.6;19;16.5;NA;NA;18;17.7
2020;10;19;18.9;14;18.9;NA;15.1;17.3;18.3;17.9;18.5;NA;18.5;19.3;14;17.9;18.2;13;16.6;12.4;18.4;15.2;17.8;19;14;17.7;16.8;18.1;NA;3.5;3.2;17.7;11.3;6;18.7;6.8;NA;10.8;18.2;NA;NA;8.4;16.8;17.9;11.9;18.5;14.9;NA;NA;16.7;16.8
2020;10;20;18.8;14.8;18.8;NA;15.2;16.5;17.7;17.6;18.2;NA;18.8;19;14;18.3;18.1;14.7;17.3;13;18.2;17.4;17.3;18.6;14.7;17.6;16.8;18.1;NA;4.7;6.9;17.8;13.3;5.8;18.4;6.7;NA;12.1;18.1;NA;NA;10.4;16.1;18;13.3;18.3;16.2;NA;NA;17.5;17.3
2020;10;21;19.4;13.9;19.4;NA;16.1;17.3;18.5;19.5;19.4;NA;19.5;19.5;14.6;18.3;19.2;15.5;17.9;13.7;18.9;17.3;18.2;19.3;15.1;18.8;16.7;18.3;NA;4.3;4.7;18.1;14.1;6.3;19.1;6.7;NA;12.2;18.7;NA;NA;11.3;17;18.5;15.5;18.8;16.8;NA;NA;18.3;17.3
2020;10;22;15.9;12.8;17.8;NA;15.6;17.6;16.7;14.4;18.1;NA;18;17.1;14.2;16.9;16.5;14.4;16.1;14.1;18.3;15.5;14.6;18.8;14.6;17.1;15.2;18;NA;5.4;5.9;19.5;13.6;6;15.4;6.9;NA;12.8;16.5;NA;NA;10.1;17.1;15.5;15.5;17.3;15.5;NA;NA;16.7;16.2
2020;10;23;18.2;14.2;18.3;NA;14.8;16.3;18;17.3;17.8;NA;18.4;18.5;14.8;17.3;17.5;13.3;17.2;11.8;18.5;15.6;17.4;18.7;15.5;17.8;16;17.5;NA;7.3;6.5;18.3;13.6;9.9;18.1;11.1;NA;14.2;18.2;NA;NA;10.9;16.2;17.8;14.2;17.9;14.5;NA;NA;17.3;17.1
2020;10;24;19.5;18.7;20.3;NA;20;17.6;19.5;18.9;20.8;NA;21;21;19.1;21.1;20.8;18;18.9;15.2;20.5;20;18.5;21.2;17;20.1;17.3;19.2;NA;9.9;9.2;19.9;17.7;10.3;19.7;11.7;NA;15.4;20.1;NA;NA;12.5;19;18.6;14.9;18.6;19.2;NA;NA;19.5;20.1
2020;10;25;21.5;17.5;21;NA;18.4;19.2;21.4;20.8;20.6;NA;21;21.1;16.8;20;21.1;17.8;19.6;16.1;20.2;19.7;20;21;16.5;20.3;NA;21;NA;6.3;6.9;19.4;14.9;9.8;21.1;10.4;NA;14.6;21.2;NA;NA;11.9;19.3;20.5;15.4;20.7;18.4;NA;NA;19.5;20.3
2020;10;26;19.5;15.1;19.6;NA;16;18;18.9;18.2;18.2;NA;20.2;19.2;14.9;17.6;18.5;14.4;16.9;9.9;20.8;17.9;19.2;19.5;18.5;18.7;19.2;19.2;NA;6.3;5.2;20.7;14.1;8.3;19.7;8.3;NA;15.6;18.4;NA;NA;8;17.9;19.2;14;20.4;16.3;NA;NA;17.9;17.4
2020;10;27;19.2;14.5;19.4;NA;17;16.2;19.7;18.4;17.7;NA;18.7;18.9;15.4;18.1;18.5;14;17.3;11.1;19.2;17.2;18.4;18.5;16.6;18.3;18.9;18.2;NA;5.7;7;19;14.2;7;19.2;8.4;NA;13.4;19.1;NA;NA;8.1;16.3;18.4;9.2;18.9;15.9;NA;NA;17.7;17.3
2020;10;28;18.4;15.5;19;NA;17.3;17;17.6;17.2;19.1;NA;18.6;18.7;15.6;18.2;18.3;15.7;17;12.2;18.6;17.8;17.2;19.3;13.8;18.4;18.4;18.7;NA;7.4;6;17.3;15.1;7.9;18;8.9;NA;9.6;18;NA;NA;10.2;17.1;17.6;11.6;17.9;16.4;NA;NA;17.7;16.3
2020;10;29;17.7;15;18.2;NA;16.9;16.4;17.7;17.3;18.3;NA;17.9;18.4;16;18.3;17.5;14.9;16.4;14.4;17.6;17.3;16.7;18.3;13.1;17.6;15.8;17.8;7.3;8.6;9.2;16.4;14.8;9.2;17.2;10.1;NA;9.4;17.8;NA;NA;10.4;17.8;16.9;13.1;17;16.5;NA;NA;17;16.4
2020;10;30;17.9;17.8;20;NA;19.1;17;18.3;17.7;19.3;NA;17.4;18.2;18.1;19.7;19;17.2;19;16;17;19;16.5;18.3;13.6;19.2;18.1;15.9;9.7;11.2;11;17;16.6;13.7;17.6;10.5;NA;10.8;19.8;NA;NA;12.9;17.6;17.8;13.2;17.3;18.8;NA;NA;19;18.1
2020;10;31;19.7;18;19.8;NA;19.7;17.7;18.6;19.1;19.8;NA;19.6;19.6;17.3;19.4;19.1;18.1;18.5;19;17.6;19.1;18.5;19.4;13.3;19.3;18.7;18.3;14.3;15.8;16.2;17.3;18.2;17;19.2;16.6;NA;9.8;19.4;NA;NA;17.1;18.1;18.7;17.7;18.4;19.5;NA;NA;18.7;17.9
2020;11;1;12.9;15.4;13.7;NA;16.7;14.4;13.9;11.5;15.2;NA;14.2;14;16;14.7;12.1;15.5;12.8;14.9;14.1;16.6;11.2;15.7;12.5;13.8;13;13.8;13.4;13.4;14;15.3;16.2;13;11.9;12.8;NA;9.7;12.4;NA;NA;13;14.9;12.6;13.9;13.2;16.8;NA;NA;12.9;13.6
2020;11;2;15.6;14.6;15.6;NA;14;14.5;15.5;14.9;15.1;NA;15.6;15.4;12.9;14.6;15.3;14;14.3;14.6;14.8;13.6;13.8;15.6;12.8;15.3;13.9;15;15.5;16;15.9;16.2;11.1;16.3;14.8;13.6;NA;12.1;15.5;NA;NA;14.9;14.7;15;15.6;15;15.3;NA;NA;14.5;14.2
2020;11;3;15.6;15.7;15.6;NA;15.6;14.6;15.3;14.4;14.5;NA;15.6;15.4;16.1;14.9;15.2;13.7;14.4;13.3;15.2;14.3;14.8;15.3;13.8;NA;14.9;15.5;11.6;13.9;14.4;16.2;13.4;15.2;15.4;16.6;NA;12.5;15.5;NA;NA;17.2;14.5;14.9;19.2;15;15.8;NA;NA;14.7;14.3
2020;11;4;18.6;10.8;19.2;NA;15.8;17.3;19.3;19;17;NA;18.1;18.3;12.9;18.8;18.7;13.5;18.6;11.8;18.6;15.9;17;18.9;14.4;NA;17.3;17.7;6.7;8.5;7.8;18.3;15.3;10;18.5;10.2;NA;13;18.2;NA;NA;11.1;18;17.9;11.2;18.4;14;NA;NA;17.7;18.9
2020;11;5;19.9;17.5;20;NA;19.6;15.8;19.7;18.6;19.8;NA;20.5;20.6;16.5;17.5;19.5;18.4;18.3;12.6;18.6;18.2;19;18.2;15.7;NA;18.1;18.2;3.4;8.1;6.1;18.4;18.2;10.3;20.8;11.2;NA;14.8;19.2;NA;NA;12.9;16.7;19.6;10.7;20.1;19.3;NA;NA;18.4;18.5
2020;11;6;20.4;17.5;20.1;NA;19.9;17;19.8;18.7;20;NA;20.2;20.7;17.5;18.4;19.5;17.8;19.1;14.3;19.9;18.8;19.3;19.6;14.9;19.5;17.5;19.1;6.7;9.6;10.3;18.9;16.8;11.3;20.3;12;NA;13.6;19.6;NA;NA;12.9;18.3;19.3;11.8;19.8;19.5;NA;NA;19;18.2
2020;11;7;22.4;18.1;22.6;NA;19.9;19.5;21.2;20.5;21.6;NA;21.9;22.8;16.5;21.3;21.3;18.1;21;15.7;20.4;20.3;20.4;21.7;14.1;21.9;20.8;19.5;9.2;10.6;11.4;18.1;18.9;11.9;21.4;13;NA;10;22.1;NA;NA;14.6;20.5;20.9;11.4;20.7;19.6;NA;NA;20.7;19.8
2020;11;8;18.9;16.6;19.2;NA;18.1;17.6;18.1;17.8;18.5;NA;19.3;19.4;14.7;18.4;18.1;15.6;17.6;15.1;18;17.7;17.5;18.5;12.5;18.5;16.1;16.4;12.3;11.6;12.3;17.5;15.9;11.5;18.2;11.6;NA;7.8;18.8;NA;NA;13.4;18.1;17.9;12.6;18.2;17.5;NA;NA;17.7;17
2020;11;9;19.1;17.1;19.6;NA;18.3;18.3;18.9;17.5;19.7;NA;19.4;20.2;13.2;19.5;18.5;15.8;18.6;15.2;17.9;18.3;18.3;19.7;12.6;19;19.4;19.1;9.3;10;11.7;16.5;17.5;11;18.8;12.3;NA;10;19.3;NA;NA;13;18.9;18.3;7.7;18.1;18;NA;NA;18.6;17.8
2020;11;10;18.6;16.3;18.7;NA;18.9;12.3;18.3;17.8;16.5;NA;19;18.5;14.8;14.7;18.3;16.3;17.7;16.2;17.1;18.6;17.9;17;12.8;17.8;16.4;16.3;7.8;11;10.2;15.9;16.8;12.1;19.6;13;NA;10.8;18.1;NA;NA;13.2;14.6;18.3;2.6;18.1;18.2;NA;NA;16.5;17.6
2020;11;11;15.3;12.9;15.4;NA;14.5;11;15.4;14.5;14.7;NA;15.7;15.8;11.5;13.3;15.1;12.5;14.2;12.9;14.8;14.4;14.5;14.3;11.6;14.6;14.2;14.4;7.6;9.7;10.3;14.6;12.8;10.7;16.6;10.4;NA;9;14.9;NA;NA;11.3;12.9;14.9;2;15.2;14.5;NA;NA;13.9;13.9
2020;11;12;13.7;12.6;13.2;NA;14.1;10.5;13.9;12.7;12.2;NA;13.6;13.5;11.8;12.1;12.7;12.1;12;10.8;12.9;13.2;12.8;12.7;11;12.5;13.2;12.8;6.9;5.7;6.4;13;11;5.8;14.2;6.4;NA;8.9;12.7;NA;NA;8.8;11;13;7.4;13.1;13.9;NA;NA;12.1;12.8
2020;11;13;15.4;10.1;15.7;NA;11.5;12.4;15.4;15.6;14.9;NA;14.7;15.5;11.1;13.6;15.3;11.1;13.8;9.5;14.3;11.8;14.8;14.6;11.5;14.3;13.5;14;6.9;6.3;8.1;14.6;9.4;6.3;15.4;2.7;15.1;9.9;15.5;NA;NA;7.7;12.9;14.7;7.4;14.6;11.8;NA;NA;13.3;13.9
2020;11;14;15.9;13.1;16.1;NA;14.6;13.5;15.3;15.4;16.7;NA;15.4;15.8;11.7;15.3;15.4;12.4;14.6;11.2;15.3;14.3;15.6;15.6;10.3;15.6;15.8;15;6.6;5.6;8.9;15.6;12.7;8;15.9;8.6;15.2;9.9;15.8;NA;NA;9.7;14.7;15.4;8.7;15;14.6;NA;NA;14.7;14
2020;11;15;16.1;11.8;14.7;NA;12.2;13.6;15;15;14.3;NA;14.9;14.9;11.8;14;15.5;12.3;13.8;10.7;14.5;12.5;14.9;14.6;12.4;14.3;15.2;14.5;4.8;2.3;5.3;15.8;11.2;5.3;15.3;5.4;14.8;9.6;15.3;NA;NA;7.4;13.5;15.5;11.9;15.5;13.4;NA;NA;13.7;14.9
2020;11;16;14.4;12.9;14.1;NA;14.4;13.1;14.4;12.6;13.9;NA;12.6;12.8;12.2;13.2;14.5;11.9;15.4;8.3;13.6;15.3;12.5;12.6;12.8;13.7;14;13.7;3.9;5.2;3.4;14.9;12.4;7.8;13.5;9.2;12.7;10;13.6;NA;NA;8.5;12.7;13.5;6.2;12.4;12.7;NA;NA;13.7;12.8
2020;11;17;17.2;12.3;17.2;NA;16.2;14.6;17.2;16.6;17.5;NA;18;17.8;9.2;17.7;16.9;13.7;16.3;12.1;16.6;15.5;16.3;17;13.8;17.6;16.3;16.3;4.6;7.2;5.1;16.9;12.5;7.6;17.9;8;16.9;8.7;17.7;NA;NA;8.3;15.4;16.6;4.4;16.9;15.3;NA;NA;17;15.4
2020;11;18;19.7;13.4;NA;NA;16.4;17;18;17.1;19;NA;18.6;19.1;10.3;18.6;18.2;16.1;18.1;14.3;19.2;17.2;17.9;18.7;13.2;NA;17;19.3;10.2;10.7;10.9;18.2;15.8;11.1;18.7;11.5;18.1;NA;18.8;NA;NA;11.9;17.8;17.9;4.5;17.9;16.4;NA;NA;17.9;17.1
2020;11;19;17;14.1;17.2;NA;16.4;16;16;16.8;16.9;NA;16.6;17.4;9.9;16.4;16.4;13.7;16;13.8;16.2;16;16.1;16.5;12;NA;16.2;14.9;10.4;8.4;10.7;16.1;15.5;10.2;16.9;9.9;16.4;NA;16.9;NA;NA;11;15.9;16.1;3.1;16.2;16.2;NA;NA;16.5;15.2
2020;11;20;15.3;13.7;15.6;NA;15.3;10.8;15.4;15.7;14.7;NA;16.2;16.6;13.5;13.4;15.5;14.1;14.4;10.4;14.8;15.5;14.3;14.4;12.4;13.9;14.4;13.8;-1.2;3;1.1;14.1;13.2;4.7;15.7;6.1;14.5;8.9;15.1;NA;NA;6.1;11.2;14.5;6.8;16;15.5;NA;11.1;13.6;14.1
2020;11;21;11.9;8.6;12.3;NA;11.8;8.3;12.3;11.9;11.4;NA;12;11.9;8.5;12.2;12;10.1;11.2;5.7;10.4;11.7;10.9;11.5;8.8;11.8;10.6;10.9;-4.3;0.4;-1.5;10.8;8.8;0.5;12.3;2;11.6;3.1;12;NA;NA;3.2;8.7;11.5;4.4;11.5;11.8;NA;8;11.7;10.6
2020;11;22;13.5;8.4;13.9;NA;11.5;10.8;11.2;11.6;13.2;NA;13.8;14.7;5.6;13;12.4;10.9;11.8;8.4;12.7;11.8;11.6;13.2;8;12.8;12;12.1;6.9;6;8.7;12;10.3;6.6;13.6;6;10.8;1.7;12.2;NA;NA;6;12.2;12.5;4.8;13.1;11.6;NA;8.3;12.1;10.6
2020;11;23;12;9.6;13;NA;11.7;11.1;10.9;11.3;12.9;NA;12.5;12.8;9.3;12.1;11.5;8.5;11.5;6.8;12.8;11.5;10.7;12.2;8;12.7;10.7;11.7;7.9;NA;6.1;12.2;8.9;6.4;12.8;4.9;11.1;3.4;11.8;NA;NA;4.2;11;11.5;7;12;10.5;NA;9.6;11.7;10.3
2020;11;24;14.1;10.4;14.4;NA;13.3;11.2;13.6;13.3;13.9;NA;14.1;14.6;7.2;12;13.3;10.6;12.5;9.4;13.2;12.9;13;13.3;10.8;13.3;12.8;12.8;3.2;6.7;6.2;13.4;10.5;6.3;15;7.2;13.1;9;13.5;NA;NA;5.9;12;13.6;4.8;13.5;13;NA;10.7;12.7;12.9
2020;11;25;13.9;10.5;15.2;NA;13.1;13.3;12.5;12.2;14.5;NA;14.3;15.2;5.9;14.3;12.8;10.3;12.7;10.8;14.1;12.6;12.4;14.1;9;14.1;12.6;13.1;8;9.6;9.2;14.8;11.5;8.7;13.5;8.9;11.8;3;13.5;NA;NA;7.7;13.5;13.5;6.2;14.5;12.6;NA;10.2;13.4;11.8
2020;11;26;13;9.6;12.6;NA;12;11.4;12.4;11.8;12.8;NA;13;12.9;5.8;12.5;12;9.3;11.4;9.5;12.9;11.7;11.8;12.7;8.3;12;11.4;12.2;6.5;5.6;7.2;12.8;10.1;7.3;12.4;7;12;2.1;12.4;NA;NA;6.3;11.9;12;9.7;12.7;11.8;NA;9.7;11.6;11.4
2020;11;27;12;8.8;11.9;NA;11.7;11.6;11.7;10.8;12.6;NA;12.2;12.5;5.8;11.9;10.8;8.5;11;8.3;11.7;11.3;10.9;12.6;8.6;11.5;10.8;12.3;5.5;4;5;12.4;8.9;4.8;11.7;4.6;11.4;2;11.6;NA;NA;4.7;12.1;11;8.4;11.7;10.9;NA;10.5;11.2;11
2020;11;28;10.9;8;10.8;NA;12.3;11;12.8;10.6;10.1;NA;10.7;10.3;5.7;8.9;10.9;10;11.8;9.1;10.1;12.4;9.3;9.9;8.8;10.2;10.7;11.7;4.2;4.6;5.3;13.1;10.5;4.9;9.8;5.2;11.9;4.2;12.5;NA;NA;4.9;11.3;10.4;4.6;10.8;11.4;NA;10.7;9.9;11.9
2020;11;29;11.5;9;11.8;NA;12.1;6.8;11.7;11;10.5;NA;11.7;12;5.4;8.4;10.9;10.1;10.3;7.3;10.7;11.2;11.2;10.9;8.3;10.5;10.2;9.6;-2.2;4.7;3.3;10.1;9.3;5.7;12.9;6.2;10.8;6.3;10.7;NA;NA;3.8;8.9;11;1.2;11.3;11.7;NA;7.8;9.4;10.7
2020;11;30;10.6;6.8;10.9;NA;10.2;7.8;10.4;9.8;10.5;NA;11.3;11.1;3;8.6;10.2;6.9;9.8;4.8;9.9;9.8;9.9;9.9;7.2;10;9.7;9.5;1.8;1.7;2.6;10.1;5.7;1.7;11.5;1.4;9.4;5.4;9.8;NA;NA;1.2;7.9;10.3;-0.5;10.4;8.9;NA;7;9.4;9.1
2020;12;1;8.9;5.4;9.3;NA;7.8;5.9;7.4;7.8;7.9;NA;9.5;9.4;3.7;5.9;7.8;5;7.5;3.6;8.6;8.2;7.9;8;6;8.4;8.2;8.2;-0.4;0;1.7;9.4;4.2;0.2;9.7;0.6;8;3.5;8.2;NA;NA;0.5;6.8;8.8;-0.7;8.8;7.1;NA;5.5;7.1;7.3
2020;12;2;5;1.1;4.6;NA;5.5;1.2;4.8;4.5;4.2;NA;4.6;4.1;2.8;3.5;4.6;0.3;4.2;-1.7;4.7;5.2;3.7;4;4.6;4.3;5.5;5;-9.7;-1.5;-3.6;6.4;1.6;-0.3;4.4;-0.1;4.4;2.2;4.6;NA;NA;-2.3;1.4;4.4;-2.4;4.3;2.1;NA;3.7;3.9;2.9
2020;12;3;5.7;4.1;5.2;NA;4.5;1.7;5.9;4.9;4.7;NA;5.8;5.7;4.6;3.3;5.2;3.1;5;0.3;6.4;4.1;4.8;5.5;6.2;4.6;6.3;6;-4.5;-2.2;-2.7;7.4;1.4;-1;5.2;-0.9;5;3.2;5.3;NA;NA;-1;3.4;4.9;-2.7;5.3;2.4;NA;5;4.9;4.5
2020;12;4;12.6;3.4;9.8;NA;4.7;11.9;8.8;11.4;10.6;NA;12.6;12.3;5.2;7.4;9.3;3.2;9;0.7;13.5;10;14.2;11.3;9.9;9.1;14.8;12.8;-1;-0.4;-1.1;14.7;7.3;2.9;13.3;3.4;8;5;8.9;NA;NA;0.4;11.9;11.9;0.1;12.8;4.2;NA;10;8.2;7.8
2020;12;5;16.4;11.9;15.4;NA;15;14.8;15.7;15.4;15.8;NA;16;15.7;13;14.1;15.5;12.5;14.2;7.5;16.1;14.1;15.9;16.1;15.7;15.1;16.6;14.9;3.1;3;2.6;17.2;11.8;4.7;15.6;5.8;15.6;12.7;15.3;NA;NA;6.1;14.8;15.5;4.6;15.9;14.2;NA;15.7;15;13.9
2020;12;6;15.9;11.5;15.6;NA;14.6;15.1;15.5;15;15.1;NA;15.8;15.6;12.8;13.4;14.9;12.3;14.3;7.1;16;13.8;15.6;16.3;NA;15.1;16;15.3;3;2.7;2.2;17.7;11.7;4.8;15.3;5.8;15.2;10.3;14.4;NA;NA;5.4;15.3;15;4.6;15.4;14.4;NA;14.2;14.9;12.8
2020;12;7;11.9;7.8;11.3;NA;8.1;10.7;11.6;11;10.5;NA;12.6;12.8;7.3;9.3;11.7;4.2;10.6;1.1;12.7;9.1;11.3;11.8;NA;11.5;11.7;13;-1.4;-1.1;-1.8;12.5;5.7;0.1;12.1;0.3;11;6.4;11.6;NA;NA;0.3;10.7;11.4;2.5;12.1;6.9;NA;9.9;10.8;10
2020;12;8;8;2.3;7.5;NA;5.7;7.8;9.4;7.3;7.4;NA;8.4;7.6;4.6;7.4;7.2;1.9;6.6;0.4;9.3;5.6;7.2;8.1;8.8;7.4;8.8;9.6;-2.1;-1.9;-2.8;14.4;3.9;-0.2;7.2;-1.1;8;5.3;7.1;NA;NA;0.3;7.9;7.3;0.1;8.1;4.4;NA;9.4;7.8;6.8
2020;12;9;10.1;1.4;9.6;NA;6.7;6.6;10.3;9.1;8.6;NA;10.4;9.7;5.8;8.2;9.4;1.2;7.9;1.7;9.6;6;9.3;9.5;8.9;9;9.9;9.8;-3.9;-1.4;-3.1;10.9;5;-0.2;9.6;-0.1;9.3;6.7;8.8;NA;NA;1.2;7.3;9.3;0.6;9.9;3.9;NA;8.1;8.4;9
2020;12;10;10.6;3.6;10.4;NA;6.6;8.5;10.9;10.3;9.6;NA;11.2;11.8;6.8;9.4;10.2;3.9;8.8;2.9;11.1;7.5;10;10.4;8.3;9.7;9.9;10.4;-2.7;-1.2;-2.3;11.2;5.2;-0.1;10.6;1.1;9.8;6.1;9.6;NA;NA;0.7;8.7;9.8;0.7;10.7;5;NA;9.1;9.6;9.1
2020;12;11;10;3.9;9.8;NA;7;7.4;10.1;9.2;8.1;NA;9.4;9.5;6.7;8;9.1;5.6;8.2;2.8;10;7.1;9.2;9.1;8.2;9.3;9.2;10;-2.3;-1.9;-4;10.4;5.2;-0.8;10.8;-0.3;9.3;3.4;8.9;NA;NA;0.7;9.2;9.4;0.9;9.1;5.5;NA;8.9;9.1;8.3
2020;12;12;10.8;6.8;11;NA;7.9;8.4;11.2;9.9;10.8;NA;10.3;11.1;5.2;10.5;11.4;7.1;10.9;4.6;10.9;9.9;8.8;10.2;7.5;12.7;9.3;11.1;-1.8;-0.9;-1.1;11.1;8;-0.5;9.6;1.3;9.2;4.9;10.8;NA;NA;8.5;9.3;10.5;0.1;10.2;6.1;NA;8.5;10.9;10.6
2020;12;13;12.7;8.1;12.5;NA;9.4;9.1;12.9;12.3;12.1;NA;13.6;13.7;4.9;12.8;12.4;9.2;13;6.5;12.7;11;11.7;11.1;8.2;12.3;11.8;12.8;-0.2;-0.4;0;12;9.7;2.4;13.4;4.2;11.8;2.6;13.2;NA;NA;5.3;10.1;12.1;1;12.6;8.4;NA;9.3;12.6;11.6
2020;12;14;13.4;8.1;14.1;NA;9.2;13;12.9;11.5;14;NA;13.6;14.1;5.1;11.6;12.6;8.8;11.9;6.7;13.6;10.7;11.8;13.5;8.1;14.4;11.7;14.5;3.9;3.3;0.8;13.3;8.5;4.6;12.9;4.4;11;2.8;12.7;NA;NA;5.1;13.7;12.5;0.9;12.8;8.9;NA;10.1;13.7;12
2020;12;15;7.9;4.4;7.9;NA;7.2;10.5;8.4;7.5;8.8;NA;8.9;8.4;7.3;8.1;7.9;4.5;8.2;5.2;9;8.2;7.9;8.9;6.9;7.6;8.6;10;6.5;5.9;4.3;11.2;8.3;6;7.8;3.4;7.7;1.9;8.3;NA;NA;1.5;10.6;7.3;1.8;8.4;5.8;NA;8.4;7.5;8.5
2020;12;16;11.4;7.8;11.7;NA;10.6;9.4;12.6;10.2;10.3;NA;10.2;10.6;7.3;10.4;10;8.9;10.1;6.8;10.5;10.5;9.2;10.2;7.6;10.7;9.4;11.2;5.1;2.2;NA;12.3;8.7;5.3;10.8;3.9;9.7;2.8;10.6;NA;NA;2.9;9.5;10;5.6;9.7;10.1;NA;9.7;10.3;10
2020;12;17;12;7.3;12.3;NA;8.6;9.6;12.1;11.4;9.8;NA;12;12.3;4.4;10.5;11;9.2;11.1;6.6;11.5;10.1;10.8;10.8;8.7;11.9;11;11.6;7.2;3;NA;12.1;6.8;5.4;12.6;3.5;11.3;5.1;11.3;NA;NA;0.9;9.5;11.5;4.9;11.4;8.8;NA;10.7;11.6;11.1
2020;12;18;14.3;6.5;13.7;NA;10;12.4;14.2;13.4;13.7;NA;14.2;13.8;5.9;13.8;13.8;NA;12.2;9.2;12.7;11.1;12.5;13.8;9.3;13;12.3;12.7;4.1;2.5;2.5;12.4;10.7;5;14.4;5.7;13.2;7;14.2;NA;NA;1.3;13;13.1;2.9;13.9;9.1;NA;10.8;12.6;13.2
2020;12;19;12.7;4.1;12.4;NA;8.5;10;11.7;11.8;11.9;NA;12;12.8;6.7;11.1;11.4;8.4;9.9;7.7;11.1;7.7;11.9;11.8;9.4;11.7;10.5;11;2.2;1.1;0.2;12.3;8;4.5;12.7;2.9;11;6.9;11.2;NA;NA;0.8;9.8;12.1;6.1;12.1;6.8;NA;10.7;11;9.4
2020;12;20;11.2;7.4;11.1;NA;9.6;10.1;11;10.6;10.4;NA;11.3;11.2;10.3;10;10.6;8.5;10;7.7;11.4;9.6;10.1;10.8;10;10.4;10.4;11.3;3.4;1.4;1.9;11.6;7.9;3.7;11.1;1.8;10.2;8.1;10.3;NA;NA;0.5;10.2;10.6;6.3;11;8.5;NA;10.7;10.4;11.7
2020;12;21;10.9;5.7;10.3;NA;8.7;9.4;11.1;10.4;9.3;NA;10.1;10;8.7;9.9;10.2;6.3;9.4;7.3;10.4;8.5;9.5;9.6;9.9;9.7;9.8;10.2;3.1;1.8;3.5;11.8;6.8;1.4;10.2;1.3;10.4;8.1;10.1;NA;NA;1.8;9.3;10.2;4.8;10.2;7.7;NA;10.7;9.8;10.3
2020;12;22;10;6.9;9.6;NA;8.2;8.4;9.8;9.3;8.7;NA;9.6;9.3;8.2;9;9.3;7.5;7.5;5.6;9.4;8;9;9.1;NA;9.1;9.8;9.3;8.2;8.2;6.7;10.5;5.7;NA;9.7;1;9;7.9;8.9;NA;NA;0.6;8;9.4;5.3;9.5;7.5;NA;9.7;9;8.1
2020;12;23;9.5;5.7;9.2;NA;8.4;8.7;9.7;8.8;8.8;NA;9.3;9.2;7.9;8.7;9.1;5.4;8.4;2.4;9.7;7.6;8.8;9.2;NA;8.8;9.7;9.9;9.3;7.7;7.5;10.7;5.3;5.9;9.5;-0.1;8.9;7.7;9.1;NA;NA;0;8.4;9.1;4.5;9.2;7.4;NA;9.9;8.7;7.9
2020;12;24;9.2;5.1;10;NA;8.5;11.8;8.6;8;10.2;NA;10.3;10.2;7.1;10;8.4;4;8.8;3;10.6;8.2;8.5;10.6;NA;9.8;10.2;12.3;2.5;1.9;0.5;15.7;7.4;3.9;9.1;4.1;8.1;8;8.3;NA;NA;1.4;11.3;9.1;5.5;9.9;6.9;NA;11.7;9.4;7.8
2020;12;25;9.1;5.1;8.6;NA;7.8;9.8;8.8;8.4;8.6;NA;8.6;8.1;6.9;8.8;8.5;3.8;8.4;2.6;10.8;7.3;8.6;8.9;NA;8.1;9.4;10.6;-2.1;1;-2.2;11.6;5.8;0.9;8.4;0.9;8.1;6.7;8.4;NA;NA;0.3;9.5;8.3;0.8;8.6;6.7;NA;9.5;8.3;7.5
2020;12;26;9.3;4.4;9.9;NA;8.8;4.9;12;9.2;8.4;NA;9;9;NA;10.4;9.7;7.5;8.5;1.9;7.7;7.8;NA;8.7;NA;9;8.3;7.4;-7.5;-4.3;-5.8;9.1;5.9;-1.6;9.3;0;10.3;3.2;9.4;NA;NA;-4.6;5.2;9.2;0.5;8;8.4;NA;6.2;9.2;10.2
2020;12;27;7.1;2.9;7;NA;6.9;3.8;7;6.5;7.3;NA;7.4;7.4;0.4;5.9;6.3;5;5.9;1.4;6.6;6.8;NA;6.3;4.3;6.3;6.1;6.1;-5.6;-1.8;-0.9;6.9;3.7;-1.2;7.7;-0.8;6.2;2.6;6.4;NA;NA;-4.1;4.8;6.6;-4;6.6;5.1;NA;4;5.8;5.9
2020;12;28;11.5;0.5;11.2;NA;4.9;8.8;6.5;10.1;10;NA;11.3;10.9;2.3;9.6;10.3;1.7;8.6;0.1;11.5;6.7;NA;10.6;7.6;10.6;12.5;11;-1.9;-0.8;-2.5;11.7;5.7;-0.8;11.2;-0.5;6;3.6;9.6;NA;NA;-1.1;8.8;10.9;-1.8;11.5;4;NA;8.2;10;4.3
2020;12;29;8;2.3;8.7;NA;3.9;8.5;6.9;6.3;7.6;NA;9.5;9.2;2.9;6.2;6.6;2.9;5.8;0.5;11.4;3.5;NA;8.9;8.8;7.7;8.6;11;-3;-1.2;-3.1;11.7;5.9;-1.3;8.2;-0.1;6.3;4.9;6.2;NA;NA;-1.4;8.4;8.1;0.5;9.6;2.8;NA;9.6;7;5
2020;12;30;10.3;7.2;10.7;NA;6.5;8.4;10;10;10.7;NA;11.9;11;4.6;10.7;10.7;6;9.8;5.1;10.1;8.4;NA;10.6;7.1;10.6;7.7;11.1;-0.3;-1.6;-2.2;10.7;5.4;-1.6;10.5;-1.2;9.5;5.7;9.3;NA;NA;-1.2;8.5;9.7;1.3;10.9;6.2;NA;8.3;9.9;9.2
2020;12;31;10.8;7.2;10.8;NA;7.2;8.2;11.1;9.5;11.1;NA;11.4;12.2;4.6;10.7;9.7;7.7;9.7;NA;11.2;8.6;NA;10.4;8.1;10.2;10.7;11.5;-4.6;-3.7;NA;10.1;6.2;-1;11.6;-0.5;10.2;4.9;9.9;NA;NA;-0.7;9.4;10.7;1.3;10.9;8;NA;8.4;9.9;9.2
