hc;cf;distanza;lv;quotaCF;quotaHC;quotaGap;rmse;r2;rmse_annuale
Chievolis;Barcis;14216.281474580412;7;468;437.4690246582031;30.530975341796875;24.3;0.22;2.8
Barcis ponte antoi;Barcis;641.4058611766943;12;468;470.39703369140625;2.39703369140625;30.2;0.15;3.5
Barcis stazione forestale;Barcis;566.9700031629878;19;468;448.18267822265625;19.81732177734375;21.2;0.31;1.7
Andreis piazzola campeggio;Barcis;3227.1501085986874;23;468;462.1297912597656;5.870208740234375;21;0.34;1.7
Ravedis invaso;Barcis;7022.246443202671;11;468;462.9981689453125;5.0018310546875;20.2;0.43;4.1
Ariis centro e.t.p.;Bicinicco;13720.079613142927;16;33;10.054102897644043;22.945897102355957;12.1;0.22;3.4
Pocenia zona industriale;Bicinicco;14505.455836770603;20;33;5.951496601104736;27.048503398895264;11.7;0.23;3.4
Lestizza;Bicinicco;8510.073408974296;8;33;38.815711975097656;5.815711975097656;11.2;0.24;3.5
Rivolto;Bicinicco;17221.45426025011;7;33;37.384830474853516;4.384830474853516;11.9;0.24;3.4
Talmassons;Bicinicco;9644.969980164538;10;33;25.050640106201172;7.949359893798828;11.5;0.25;3.4
Pantianicco;Bicinicco;18246.99241724815;5;33;69.67994689941406;36.67994689941406;12.2;0.25;3.4
Mortegliano;Bicinicco;5127.093139092168;9;33;42.066070556640625;9.066070556640625;12.2;0.21;0.4
Castions di strada;Bicinicco;4436.075943617817;15;33;20.14171028137207;12.85828971862793;13;0.18;0.3
Sant'andrat del cormor;Bicinicco;6275.178914228263;19;33;22.43624496459961;10.56375503540039;12.5;0.2;3.4
Zavattina;Bicinicco;12290.547597960067;9;33;6.220213413238525;26.779786586761475;11.8;0.22;3.4
San giorgio di nogaro;Bicinicco;10267.381898488564;17;33;5.442806243896484;27.557193756103516;12.3;0.22;3.4
Planais;Bicinicco;17346.152773207883;8;33;-0.07753685861825943;33.07753685861826;11.9;0.21;0.6
Castions delle mure casali fabbrica;Bicinicco;11165.2183193362;31;33;1.4943509101867676;31.505649089813232;14.3;0.3;0.2
Torviscosa;Bicinicco;12541.781129455954;8;33;2.9870262145996094;30.01297378540039;12.2;0.24;3.4
Cervignano;Bicinicco;14777.15613130104;8;33;3.2710282802581787;29.72897171974182;11.7;0.2;3.8
Risano case moschioni;Bicinicco;6279.290056379369;16;33;62.54551315307617;29.545513153076172;12.2;0.24;1
Trivignano udinese;Bicinicco;8070.400546139974;14;33;41.905914306640625;8.905914306640625;16.4;0.13;2
Ialmicco sede protezione civile regionale;Bicinicco;7479.379319483388;35;33;26.88026237487793;6.11973762512207;12.9;0.23;3.2
Pavia di udine;Bicinicco;8267.291077613287;12;33;63.512428283691406;30.512428283691406;12.2;0.26;3.4
Marano lagunare colomba;Bicinicco;17495.835289252613;20;33;0;33;11.6;0.24;3.5
Ruda cimitero;Bicinicco;16677.407290597454;9;33;8.37320327758789;24.62679672241211;12.1;0.19;3.8
Manzano ponte case;Bicinicco;13643.505955174029;16;33;65.63212585449219;32.63212585449219;12.8;0.24;3.4
Brazzano;Bicinicco;17390.361877335086;7;33;70.73090362548828;37.73090362548828;12.6;0.24;3.4
Cormons;Bicinicco;18122.444430020354;9;33;79.207275390625;46.207275390625;12.9;0.23;0.6
Ca' viola;Boa paloma;18037.618105831654;7;5;-1;6;10.1;0.17;1.8
Grado sede g.i.t.;Boa paloma;14785.833749642019;15;5;0.4218692481517792;4.578130751848221;7.5;0.26;0.7
Grado molo torpediniere;Boa paloma;15894.852848281142;19;5;0.6536489725112915;4.3463510274887085;9.1;0.15;1.4
Grado valle cavarera;Boa paloma;13614.121008931621;15;5;0.6634598970413208;4.336540102958679;8.9;0.15;1.5
Fossalon bonifica vittoria;Boa paloma;13947.652173534836;20;5;-1;6;8.2;0.22;1.3
Alberoni idrovora sacchetti;Boa paloma;18215.541026173443;23;5;-0.009229229763150215;5.00922922976315;8.1;0.2;1.5
Trieste istituto nautico;Boa paloma;15916.38861276438;21;5;7.493386745452881;2.493386745452881;7.7;0.17;1.1
Muggia;Boa paloma;16487.656463717714;9;5;0.8371971845626831;4.162802815437317;7.8;0.11;1.2
Gemona casa di riposo;Bordano;7579.2020665451955;18;230;251.9317626953125;21.9317626953125;21.5;0.3;3.8
Gemona canciane;Bordano;8595.593996366311;12;230;189.93775939941406;40.06224060058594;21.3;0.3;3.9
Alesso;Bordano;3280.852821520843;6;230;254.41456604003906;24.414566040039062;21.3;0.37;3.2
Artegna;Bordano;12376.046887585839;6;230;198.69320678710938;31.306793212890625;21.2;0.22;3.3
Magnano in riviera;Bordano;13163.155415261443;15;230;198.69320678710938;31.306793212890625;21.3;0.3;4.3
Zeglianutto;Bordano;16195.040983364881;8;230;216.46371459960938;13.536285400390625;21.9;0.28;3.9
Collalto borgo di sotto;Bordano;18260.88287525791;19;230;210.4383087158203;19.561691284179688;22.1;0.25;4.4
Ciseriis;Bordano;16262.475414432074;8;230;268.62225341796875;38.62225341796875;22;0.26;2.7
Tarcento ponte per oltretorre;Bordano;16941.412618673967;26;230;251.6145782470703;21.614578247070312;21.2;0.34;5.2
San pelagio;Borgo grotta gigante;8708.115121999415;16;275;234.58306884765625;40.41693115234375;10.5;0.29;1.8
Prosecco eliporto;Borgo grotta gigante;891.1069235504339;16;275;273.6768493652344;1.323150634765625;10.8;0.26;1.8
Borgo grotta gigante;Borgo grotta gigante;21.972617659566282;0;275;274.7296447753906;0.270355224609375;11;0.27;1.8
Trieste cattinara;Borgo grotta gigante;9812.908097335354;16;275;289.24932861328125;14.24932861328125;10.9;0.2;1.9
Fiaschetti;Brugnera;8888.747412523266;9;22;25.647066116333008;3.647066116333008;8.8;0.38;0.1
Sacile ponte lacchin;Brugnera;4954.129471401589;17;22;22.27758026123047;0.27758026123046875;9.2;0.34;1.7
Pordenone localita' torre;Brugnera;11373.762475466518;21;22;29.147491455078125;7.147491455078125;9;0.31;0.7
Pordenone sede c.b.c.m.;Brugnera;10117.664783883965;20;22;25.985637664794922;3.985637664794922;10.5;0.22;0.5
Pordenone campo atletica;Brugnera;9313.27543513442;20;22;30.16668701171875;8.16668701171875;10.5;0.29;2.1
Visinale ponte ferro;Brugnera;5169.8865076018;17;22;12;10;8.2;0.24;1.3
Porcia rondover;Brugnera;5382.732519192764;12;22;15.506112098693848;6.493887901306152;10.6;0.34;3.7
Cordenons acquedotto san giovanni;Brugnera;15754.22368306817;29;22;69.83683776855469;47.83683776855469;11.3;0.31;3.2
Colesit;Brugnera;10528.74621777727;8;22;61.68111801147461;39.68111801147461;10.5;0.18;1.1
Villadolt;Brugnera;7044.913578894648;9;22;48.569671630859375;26.569671630859375;11;0.22;1
Vigonovo;Brugnera;7554.225176582344;7;22;38.288414001464844;16.288414001464844;15.7;0.14;4
Zuiano;Brugnera;13946.469800728835;7;22;11.029081344604492;10.970918655395508;10.2;0.26;2
Azzano decimo;Brugnera;13663.981087782788;11;22;13.677153587341309;8.322846412658691;9;0.28;0.2
Squarzare';Brugnera;9987.012526308883;8;22;9.371118545532227;12.628881454467773;11;0.25;3.2
Trivignano udinese;Capriva del friuli;13412.854737850681;15;85;41.905914306640625;43.094085693359375;13.1;0.16;0.8
Pavia di udine;Capriva del friuli;17186.34112016322;11;85;63.512428283691406;21.487571716308594;12.5;0.27;3.9
Gorizia presa c.b.p.i.;Capriva del friuli;7022.145650572908;16;85;58.9251708984375;26.0748291015625;12;0.21;1.9
Farra d'isonzo m. fortin;Capriva del friuli;5799.615615434158;19;85;51.71792984008789;33.28207015991211;10.1;0.26;2.6
Cerneglons;Capriva del friuli;18573.651060425345;15;85;91.393829345703125;6.393829345703125;11.3;0.26;2.5
Orzano;Capriva del friuli;16615.36640333289;16;85;100.03337860107422;15.033378601074219;12.4;0.24;3.5
Cividale istituto agrario;Capriva del friuli;17061.47935943841;20;85;132.30323791503906;47.30323791503906;12.3;0.23;1.9
Manzano ponte case;Capriva del friuli;10132.712293511688;16;85;65.63212585449219;19.367874145507812;10.9;0.28;2.6
Albana;Capriva del friuli;10188.429459851473;17;85;134.72122192382812;49.721221923828125;10.8;0.28;2.6
Brazzano;Capriva del friuli;5024.200828180445;16;85;70.73090362548828;14.269096374511719;10.8;0.28;2.8
Cormons;Capriva del friuli;3346.2966924906877;16;85;79.207275390625;5.792724609375;12.3;0.2;0.5
Capriva localita' la baita;Capriva del friuli;1256.760196728398;15;85;53.29371643066406;31.706283569335938;10.1;0.31;2.6
Gorizia aeroporto di merna;Capriva del friuli;8374.826046267868;20;85;58.04591369628906;26.954086303710938;11.3;0.23;0.7
Doberdo' centro visite gradina;Capriva del friuli;13090.259265643344;24;85;60.08134078979492;24.918659210205078;13.3;0.22;5
Camporosso;Cave del predil;8650.730061615031;12;914;889.34991455078125;24.65008544921875;16.8;0.15;1
Malborghetto ponte per nebria;Cave del predil;12466.498122886745;21;914;895.99737548828125;18.00262451171875;15.6;0.25;3.2
Valico di fusine;Cave del predil;11235.496394430202;13;914;919.7122802734375;5.7122802734375;15.6;0.24;3
Ariis centro e.t.p.;Cervignano del friuli;19861.082096729402;18;8;10.054102897644043;2.054102897644043;10.2;0.24;1.7
Pocenia zona industriale;Cervignano del friuli;17497.052611266867;18;8;5.951496601104736;2.0485033988952637;11.7;0.24;2.9
Lestizza;Cervignano del friuli;19327.138604404558;18;8;38.815711975097656;30.815711975097656;9.9;0.24;2
Talmassons;Cervignano del friuli;19306.935740703902;19;8;25.050640106201172;17.050640106201172;10.6;0.23;1.6
Mortegliano;Cervignano del friuli;16370.420021296966;17;8;42.066070556640625;34.066070556640625;11;0.2;0.4
Castions di strada;Cervignano del friuli;12718.294328026037;15;8;20.14171028137207;12.14171028137207;10.7;0.2;0.4
Cormor paradiso;Cervignano del friuli;14253.741144187281;17;8;11.960711479187012;3.9607114791870117;10.8;0.16;1.1
Sant'andrat del cormor;Cervignano del friuli;15397.47426279427;16;8;22.43624496459961;14.43624496459961;12;0.24;3
Zavattina;Cervignano del friuli;13884.871875617597;18;8;6.220213413238525;1.7797865867614746;10.2;0.25;2.5
Fauglis;Cervignano del friuli;7115.680503714719;18;8;17.458444595336914;9.458444595336914;11.3;0.17;0.3
San giorgio di nogaro;Cervignano del friuli;9967.81323304778;17;8;5.442806243896484;2.5571937561035156;10.2;0.22;1.6
Planais;Cervignano del friuli;11249.813863793386;18;8;-0.07753685861825943;8.07753685861826;9.8;0.23;0.6
Castions delle mure casali fabbrica;Cervignano del friuli;2120.2648508681136;26;8;1.4943509101867676;6.505649089813232;8.8;0.34;0.3
Torviscosa;Cervignano del friuli;5883.6170481986655;17;8;2.9870262145996094;5.012973785400391;10.2;0.24;1.9
Belvat;Cervignano del friuli;6208.133842465924;18;8;-1.075460433959961;9.075460433959961;11.2;0.15;0.4
Cervignano;Cervignano del friuli;3706.552863088229;11;8;3.2710282802581787;4.728971719741821;10.8;0.22;2
Gris cuccana;Cervignano del friuli;12554.195464361374;18;8;37.09934997558594;29.099349975585938;11.6;0.15;0.4
Palmanova;Cervignano del friuli;7586.76483603194;18;8;26.880163192749023;18.880163192749023;10.9;0.18;0.4
Trivignano udinese;Cervignano del friuli;11074.323649479602;13;8;41.905914306640625;33.905914306640625;12.1;0.17;0.9
Ialmicco sede protezione civile regionale;Cervignano del friuli;6872.984764789326;33;8;26.88026237487793;18.88026237487793;10.4;0.27;2.2
Aquileia idrovora ca' padovano;Cervignano del friuli;11462.483077878589;25;8;-0.20078884065151215;8.200788840651512;10.4;0.21;1.6
Ca' viola;Cervignano del friuli;13423.041682186287;16;8;-1;9;11.5;0.18;1.6
Marano lagunare colomba;Cervignano del friuli;14060.120608803389;20;8;0;8;9.7;0.25;1.7
Ca' anfora;Cervignano del friuli;10102.070164541034;17;8;-2.7816812992095947;10.781681299209595;10.4;0.15;0.6
Grado sede g.i.t.;Cervignano del friuli;19763.64874979856;15;8;0.4218692481517792;7.578130751848221;9.8;0.18;1
Grado molo torpediniere;Cervignano del friuli;18862.565191740385;20;8;0.6536489725112915;7.3463510274887085;11.1;0.22;3.1
Grado valle cavarera;Cervignano del friuli;19287.532997251543;19;8;0.6634598970413208;7.336540102958679;10.8;0.22;2.8
Farra d'isonzo m. fortin;Cervignano del friuli;16677.164712672995;19;8;51.71792984008789;43.71792984008789;9.9;0.24;2.1
Ruda cimitero;Cervignano del friuli;5560.490484738083;19;8;8.37320327758789;0.3732032775878906;12;0.22;3.6
Fiumicello;Cervignano del friuli;10672.04566342835;17;8;0;8;10.9;0.15;0.7
Fossalon bonifica vittoria;Cervignano del friuli;17863.644608933322;22;8;-1;9;10.4;0.19;1.7
Capriva localita' la baita;Cervignano del friuli;17391.351971595846;20;8;53.29371643066406;45.29371643066406;10.2;0.26;2.2
Alberoni idrovora sacchetti;Cervignano del friuli;15847.331207243471;21;8;-0.009229229763150215;8.00922922976315;10;0.22;1.7
Monfalcone piscina comunale;Cervignano del friuli;14798.518321704258;22;8;0.9136075377464294;7.086392462253571;12.7;0.17;3.6
Tramonti di sotto scuole nuove;Chievolis;6659.306954087947;27;345;392.0475769042969;47.047576904296875;22.5;0.31;2.3
Ponte racli;Chievolis;1921.6939102296153;9;345;358.5740661621094;13.574066162109375;22.1;0.34;2.4
Preplans;Chievolis;5062.900663128483;7;345;317.1380920410156;27.861907958984375;21.5;0.34;2.5
Castellerio;Cividale del friuli;18518.548357237287;13;127;153.6357421875;26.6357421875;12.5;0.24;2.8
Rizzi;Cividale del friuli;17138.82865963947;17;127;117.85282897949219;9.1471710205078125;14.2;0.12;1
Udine castello;Cividale del friuli;14300.302144421481;15;127;114.83202362060547;12.167976379394531;11.1;0.27;3.2
Pasian di prato;Cividale del friuli;18872.62720138615;13;127;101.91656494140625;25.08343505859375;11.6;0.2;0.6
Tricesimo;Cividale del friuli;17795.442315156746;16;127;175.9977569580078;48.99775695800781;12;0.24;3.3
Adegliacco;Cividale del friuli;15307.527836208868;16;127;136.69041442871094;9.6904144287109375;12;0.26;3.3
Povoletto;Cividale del friuli;9805.342798304933;16;127;131.51287841796875;4.51287841796875;12.2;0.29;5.1
Togliano;Cividale del friuli;5068.574854916102;17;127;157.20269775390625;30.20269775390625;7.2;0.18;0.3
Cerneglons;Cividale del friuli;8355.46756203407;16;127;91.393829345703125;35.606170654296875;11.1;0.3;3.1
Orzano;Cividale del friuli;5235.737999960712;18;127;100.03337860107422;26.96662139892578;12.3;0.28;4.2
Azzida;Cividale del friuli;7153.1203298732735;16;127;176.23768615722656;49.23768615722656;12.1;0.28;3.1
Cividale istituto agrario;Cividale del friuli;1814.4397963424344;14;127;132.30323791503906;5.3032379150390625;11.5;0.27;2.8
Albana;Cividale del friuli;6481.3813611120095;18;127;134.72122192382812;7.721221923828125;11.4;0.27;3.1
Cormons;Cividale del friuli;13935.39801558931;17;127;79.207275390625;47.792724609375;12;0.21;0.5
Ponte della delizia casello c.b.c.m.;Codroipo;8885.939329230183;32;37;46.997962951660156;9.997962951660156;11;0.21;0.9
Ponte della delizia;Codroipo;8074.760380982294;16;37;43.79997634887695;6.799976348876953;10.4;0.26;2.3
Varmo casello idraulico c.b.b.f.;Codroipo;8318.80823865657;27;37;13.007050514221191;23.99294948577881;9.7;0.26;2
Latisana;Codroipo;19978.23466796848;8;37;5.5133056640625;31.4866943359375;11.6;0.15;3.7
San martino al tagliamento;Codroipo;14022.579416804841;22;37;69.169464111328125;32.169464111328125;11.4;0.25;0.8
Arzenutto;Codroipo;12492.394711706076;8;37;63.39314270019531;26.393142700195312;11.4;0.26;0.6
San vito al tagliamento ospedale;Codroipo;12360.091389777042;29;37;27.80974006652832;9.19025993347168;9.6;0.25;0.6
San vito al tagliamento cimitero;Codroipo;10778.174193508117;28;37;32.09159469604492;4.908405303955078;10.5;0.26;2.6
Sesto al reghena;Codroipo;18598.28585688287;14;37;10.6888427734375;26.3111572265625;10;0.2;0.5
Mure;Codroipo;19773.84459203813;7;37;8.119863510131836;28.880136489868164;10.1;0.26;2.2
Ariis centro e.t.p.;Codroipo;10937.183737640255;16;37;10.054102897644043;26.945897102355957;10.4;0.23;2
Latisana crosere;Codroipo;18510.520270401285;14;37;1.522046685218811;35.47795331478119;9.8;0.23;2.1
Rivarotta;Codroipo;16000.95186635362;7;37;2.0823349952697754;34.917665004730225;9.1;0.53;1
Pocenia zona industriale;Codroipo;15789.529713649603;21;37;5.951496601104736;31.048503398895264;11.9;0.21;3
Codroipo;Codroipo;2022.0462550518578;0;37;42.48942565917969;5.4894256591796875;10.1;0.24;0.2
Turrida;Codroipo;9606.423028456378;6;37;73.52359771728516;36.523597717285156;10.9;0.25;2.1
Lestizza;Codroipo;10286.554939548576;8;37;38.815711975097656;1.8157119750976562;9.9;0.27;2.3
Villacaccia;Codroipo;5726.991139009447;11;37;46.654701232910156;9.654701232910156;11.4;0.12;0.4
Rivolto;Codroipo;1457.7465014278753;6;37;37.384830474853516;0.3848304748535156;10.3;0.28;2.6
Talmassons;Codroipo;9167.935783638102;9;37;25.050640106201172;11.949359893798828;10.4;0.23;2
Pantianicco;Codroipo;7440.721864876197;9;37;69.67994689941406;32.67994689941406;11.9;0.27;3
Mortegliano;Codroipo;13742.657140066658;8;37;42.066070556640625;5.066070556640625;10.9;0.19;0.5
Castions di strada;Codroipo;15753.761148382782;15;37;20.14171028137207;16.85828971862793;11.1;0.17;0.3
Cormor paradiso;Codroipo;14565.35201519224;10;37;11.960711479187012;25.03928852081299;12.7;0.08;0.4
Sant'andrat del cormor;Codroipo;13062.925892504336;18;37;22.43624496459961;14.56375503540039;12.5;0.19;3.1
Zavattina;Codroipo;17987.37537605546;8;37;6.220213413238525;30.779786586761475;10.7;0.21;2.6
Risano case moschioni;Codroipo;19622.022902444183;18;37;62.54551315307617;25.545513153076172;11.1;0.2;0.5
Gris cuccana;Codroipo;18055.77051637703;12;37;37.09934997558594;0.0993499755859375;9;0.08;0.5
Tramonti di sopra;Enemonzo;12546.408344724092;13;438;438.9981689453125;0.9981689453125;18.8;0.2;1.7
Tramonti di sotto scuole nuove;Enemonzo;13579.434253698057;26;438;392.0475769042969;45.952423095703125;17.7;0.33;1.8
Esemon di sotto;Enemonzo;3406.855854405759;9;438;406.49676513671875;31.50323486328125;18.4;0.27;1.8
Villa santina;Enemonzo;3865.3565351991174;12;438;436.5908508300781;1.409149169921875;16.9;0.22;0.9
Cedarchis;Enemonzo;14281.389026283752;9;438;413.8949279785156;24.105072021484375;15.7;0.29;1.6
San francesco;Enemonzo;12281.532547470917;10;438;474.9407958984375;36.9407958984375;17.5;0.32;1.6
Artegna;Faedis;18871.87067004587;6;158;198.69320678710938;40.693206787109375;13.4;0.24;0.7
Magnano in riviera;Faedis;18064.38315102033;16;158;198.69320678710938;40.693206787109375;12.6;0.3;3
Fagagna poliambulatorio;Faedis;19802.95598997396;20;158;195.93162536621094;37.93162536621094;13.2;0.24;3.5
Colloredo di monte albano;Faedis;16368.001649111842;22;158;178.78968811035156;20.789688110351562;12.5;0.29;3
Alnicco;Faedis;14549.050300627212;7;158;169.3649139404297;11.364913940429688;12.3;0.27;2.9
Castellerio;Faedis;12856.98097402786;8;158;153.6357421875;4.3642578125;13;0.25;2
Moruzzo;Faedis;17537.595512390937;7;158;206.84463500976562;48.844635009765625;12.9;0.21;0.7
Rizzi;Faedis;12956.351032202987;5;158;117.85282897949219;40.14717102050781;13.9;0.18;0.7
Udine castello;Faedis;11836.701463951777;12;158;114.83202362060547;43.16797637939453;11.4;0.27;3
Tricesimo;Faedis;10868.649670002831;7;158;175.9977569580078;17.997756958007812;12;0.26;3.1
Adegliacco;Faedis;9800.428172975697;8;158;136.69041442871094;21.309585571289062;12;0.28;3
Zompitta presa c.b.l.t.;Faedis;8591.290949968115;21;158;189.82723999023438;31.827239990234375;13.8;0.23;2
Povoletto;Faedis;3592.8450702039213;8;158;131.51287841796875;26.48712158203125;12.6;0.3;4.6
Togliano;Faedis;3294.2311335340714;7;158;157.20269775390625;0.79730224609375;7.1;0.14;0.2
Azzida;Faedis;11162.105311020368;6;158;176.23768615722656;18.237686157226562;12.3;0.28;2.7
Cividale istituto agrario;Faedis;6610.745828712342;21;158;132.30323791503906;25.696762084960938;12.5;0.26;2
Albana;Faedis;14329.265423671957;6;158;134.72122192382812;23.278778076171875;11.7;0.27;2.9
Rauscedo stazione di pompaggio c.b.c.m.;Fagagna;19721.891523607545;35;148;104.90544128417969;43.09455871582031;13.2;0.2;1.1
Gemona canciane;Fagagna;18861.37818661563;12;148;189.93775939941406;41.93775939941406;13.6;0.27;2.2
Osoppo;Fagagna;14998.291696909502;7;148;168.62107849121094;20.621078491210938;13.9;0.24;2.9
Andreuzza;Fagagna;11397.59873497006;8;148;160.34323120117188;12.343231201171875;12.5;0.26;1.9
Pinzano;Fagagna;12934.486032443354;6;148;149.7477569580078;1.7477569580078125;12.3;0.28;1.8
Vacile;Fagagna;15143.734004528229;6;148;154.6710205078125;6.6710205078125;11.6;0.3;2
Baseglia;Fagagna;13649.282742588499;5;148;129.8436279296875;18.1563720703125;13.1;0.27;0.5
Barbeano;Fagagna;17446.247929006946;6;148;113.07208251953125;34.92791748046875;12.2;0.2;1
Istrago;Fagagna;15089.514923062285;6;148;129.85023498535156;18.149765014648438;11.9;0.26;0.7
Spilimbergo la favorita;Fagagna;14828.485535434816;20;148;121.96224212646484;26.037757873535156;11.7;0.35;3.9
San mauro;Fagagna;6223.079317480834;7;148;166.37451171875;18.37451171875;12.2;0.26;1.7
Fagagna poliambulatorio;Fagagna;2334.2309810892903;16;148;195.93162536621094;47.93162536621094;13.4;0.24;3
Colloredo di prato;Fagagna;7097.876336595486;17;148;103.91793823242188;44.082061767578125;11.8;0.3;3.9
Colloredo di monte albano;Fagagna;9132.17633038809;23;148;178.78968811035156;30.789688110351562;12.3;0.29;2.6
Alnicco;Fagagna;7334.17210414174;7;148;169.3649139404297;21.364913940429688;12.1;0.27;2.5
Castellerio;Fagagna;9016.222927390925;10;148;153.6357421875;5.6357421875;12.6;0.24;1.7
Rizzi;Fagagna;9796.62925174673;7;148;117.85282897949219;30.147171020507812;13.4;0.17;0.8
Udine castello;Fagagna;13252.059587903821;13;148;114.83202362060547;33.16797637939453;11.4;0.25;2.5
Pasian di prato;Fagagna;9864.37377141088;12;148;101.91656494140625;46.08343505859375;12;0.22;0.6
Tricesimo;Fagagna;12160.610137297797;9;148;175.9977569580078;27.997756958007812;12;0.25;2.6
Adegliacco;Fagagna;12074.578838545865;8;148;136.69041442871094;11.309585571289062;12;0.26;2.5
Zompitta presa c.b.l.t.;Fagagna;15990.536827111498;21;148;189.82723999023438;41.827239990234375;13.4;0.22;1.9
Povoletto;Fagagna;18344.36575792719;9;148;131.51287841796875;16.48712158203125;12.7;0.27;3.9
Andrazza;Forni di sopra;735.0386285495307;11;922;887.3804931640625;34.6195068359375;10.7;0.37;2
Pesariis;Forni di sopra;18731.980542754933;12;922;876.10784912109375;45.89215087890625;11.4;0.35;2.1
Planais;Fossalon;18045.56557524561;7;0;-0.07753685861825943;0.07753685861825943;9.3;0.22;0.3
Castions delle mure casali fabbrica;Fossalon;18188.13076865585;30;0;1.4943509101867676;1.4943509101867676;9;0.25;0.4
Torviscosa;Fossalon;18386.367065012626;8;0;2.9870262145996094;2.9870262145996094;10.7;0.17;1.6
Belvat;Fossalon;16026.822623571197;7;0;-1.075460433959961;1.075460433959961;10.1;0.2;0.4
Cervignano;Fossalon;14545.417233379902;9;0;3.2710282802581787;3.2710282802581787;9.8;0.23;0.9
Aquileia idrovora ca' padovano;Fossalon;8970.63477382785;26;0;-0.20078884065151215;0.20078884065151215;9.3;0.24;0.8
Ca' viola;Fossalon;4530.47302390229;8;0;-1;1;10.1;0.25;0.9
Ca' anfora;Fossalon;12347.79931089695;8;0;-2.7816812992095947;2.7816812992095947;10.3;0.15;0.3
Grado sede g.i.t.;Fossalon;6569.49080256332;15;0;0.4218692481517792;0.4218692481517792;8.3;0.27;0.5
Grado molo torpediniere;Fossalon;6851.274053628611;19;0;0.6536489725112915;0.6536489725112915;10.2;0.22;1.5
Grado valle cavarera;Fossalon;4410.247210108607;17;0;0.6634598970413208;0.6634598970413208;9.9;0.22;1.3
Gradisca d'isonzo;Fossalon;19118.80939331955;13;0;28.20496368408203;28.20496368408203;8.1;0.22;0.1
Ruda cimitero;Fossalon;13725.485475205933;13;0;8.37320327758789;8.37320327758789;11.5;0.19;1.7
Fiumicello;Fossalon;7096.598941838331;8;0;0;0;9.8;0.18;0.7
Fossalon bonifica vittoria;Fossalon;3643.4859838698753;18;0;-1;1;8.7;0.27;0.8
Monfalcone;Fossalon;11915.99036126493;5;0;4.997217178344727;4.997217178344727;18.2;0.03;1.3
Alberoni idrovora sacchetti;Fossalon;8197.290780072139;24;0;-0.009229229763150215;0.009229229763150215;8.7;0.26;0.8
Monfalcone piscina comunale;Fossalon;9975.55067774359;22;0;0.9136075377464294;0.9136075377464294;12.3;0.15;1.8
Gemona canciane;Gemona del friuli;1196.532353964824;9;184;189.93775939941406;5.9377593994140625;14.8;0.31;2.3
Osoppo;Gemona del friuli;4805.804048082221;16;184;168.62107849121094;15.378921508789062;14.6;0.29;3
Artegna;Gemona del friuli;3945.754971453012;16;184;198.69320678710938;14.693206787109375;14.3;0.24;0.5
Magnano in riviera;Gemona del friuli;4763.988941466379;15;184;198.69320678710938;14.693206787109375;13.8;0.34;2.7
Andreuzza;Gemona del friuli;6976.865999512857;14;184;160.34323120117188;23.656768798828125;14.1;0.29;3.6
Pinzano;Gemona del friuli;16174.796356322184;16;184;149.7477569580078;34.25224304199219;14.1;0.31;2.5
San daniele del friuli;Gemona del friuli;14302.703285381776;10;184;201.00848388671875;17.00848388671875;13.6;0.35;3.2
San mauro;Gemona del friuli;14712.885015100532;14;184;166.37451171875;17.62548828125;14.3;0.27;2.5
Fagagna poliambulatorio;Gemona del friuli;16458.69147272767;16;184;195.93162536621094;11.931625366210938;15.3;0.26;3.5
Zeglianutto;Gemona del friuli;7647.934840617329;15;184;216.46371459960938;32.463714599609375;13.9;0.31;1
Collalto borgo di sotto;Gemona del friuli;9925.248939164021;21;184;210.4383087158203;26.438308715820312;14.4;0.28;2.7
Colloredo di monte albano;Gemona del friuli;10671.095771640883;21;184;178.78968811035156;5.2103118896484375;14;0.3;2.9
Alnicco;Gemona del friuli;16317.436001593496;15;184;169.3649139404297;14.635086059570312;14.2;0.27;3
Castellerio;Gemona del friuli;16543.693061226506;12;184;153.6357421875;30.3642578125;14.8;0.23;2.6
Tricesimo;Gemona del friuli;14134.169874405588;15;184;175.9977569580078;8.0022430419921875;14.1;0.26;3.2
Adegliacco;Gemona del friuli;18212.043707327262;15;184;136.69041442871094;47.30958557128906;14.2;0.27;3.1
Zompitta presa c.b.l.t.;Gemona del friuli;14314.869498536102;17;184;189.82723999023438;5.827239990234375;14.9;0.23;2.5
Attimis borgo faris;Gemona del friuli;18026.95954796716;16;184;220.558349609375;36.558349609375;15.3;0.23;2.4
Varmo casello idraulico c.b.b.f.;Gorgo;16226.51317954887;29;5;13.007050514221191;8.007050514221191;11.2;0.25;2.2
Latisana;Gorgo;4510.097312404747;8;5;5.5133056640625;0.5133056640625;10.8;0.2;2.5
Ariis centro e.t.p.;Gorgo;15824.024730912375;18;5;10.054102897644043;5.054102897644043;11.6;0.24;2.3
Latisana crosere;Gorgo;5592.1824485211755;15;5;1.522046685218811;3.477953314781189;11.2;0.24;2.2
Pocenia zona industriale;Gorgo;12917.035765701485;22;5;5.951496601104736;0.9514966011047363;11.2;0.26;2.2
Zavattina;Gorgo;15253.752717590203;9;5;6.220213413238525;1.2202134132385254;11.2;0.25;2.2
San giorgio di nogaro;Gorgo;18555.77562392942;17;5;5.442806243896484;0.4428062438964844;12;0.24;2.2
Planais;Gorgo;17663.778260133633;7;5;-0.07753685861825943;5.077536858618259;11.6;0.23;0.3
Val lovato;Gorgo;8464.500756996238;8;5;-0.23750941455364227;5.237509414553642;12.1;0.2;0.1
Lignano sabbiadoro;Gorgo;9511.940897564527;16;5;2.3162028789520264;2.6837971210479736;11.3;0.23;2.3
Fraida;Gorgo;6395.559237207106;6;5;-0.03847680613398552;5.0384768061339855;11.3;0.25;2.2
Lame di precenicco;Gorgo;4142.999502063619;16;5;0;5;11.6;0.22;0.3
Marano lagunare colomba;Gorgo;13840.236496782843;20;5;0;5;11;0.28;2.3
Fauglis;Gradisca d'is.;16861.037317107337;11;29;17.458444595336914;11.541555404663086;12.5;0.15;0.5
Castions delle mure casali fabbrica;Gradisca d'is.;14234.156027610796;29;29;1.4943509101867676;27.505649089813232;10.1;0.26;0.8
Torviscosa;Gradisca d'is.;17885.799784314553;10;29;2.9870262145996094;26.01297378540039;11.6;0.17;2.5
Belvat;Gradisca d'is.;17498.038596923132;13;29;-1.075460433959961;30.07546043395996;11.9;0.16;0.5
Cervignano;Gradisca d'is.;13651.81437378203;12;29;3.2710282802581787;25.72897171974182;11.2;0.21;2.2
Gris cuccana;Gradisca d'is.;19914.9983860596;10;29;37.09934997558594;8.0993499755859375;12.7;0.14;0.4
Palmanova;Gradisca d'is.;14370.088640428896;12;29;26.880163192749023;2.1198368072509766;12;0.17;0.4
Trivignano udinese;Gradisca d'is.;12832.341114935622;12;29;41.905914306640625;12.905914306640625;12.8;0.16;0.9
Ialmicco sede protezione civile regionale;Gradisca d'is.;11794.975354289918;36;29;26.88026237487793;2.1197376251220703;10.6;0.26;2.6
Pavia di udine;Gradisca d'is.;18355.0968621144;11;29;63.512428283691406;34.512428283691406;11.9;0.3;3.7
Aquileia idrovora ca' padovano;Gradisca d'is.;18757.816974165096;24;29;-0.20078884065151215;29.200788840651512;10.8;0.21;2
Ca' viola;Gradisca d'is.;17203.886355028506;12;29;-1;30;11.8;0.18;1.9
Ca' anfora;Gradisca d'is.;19447.412902890785;12;29;-2.7816812992095947;31.781681299209595;12.9;0.13;0.9
Gorizia presa c.b.p.i.;Gradisca d'is.;10147.992996311992;16;29;58.9251708984375;29.9251708984375;11.3;0.22;1.8
Farra d'isonzo m. fortin;Gradisca d'is.;4575.646619588077;18;29;51.71792984008789;22.71792984008789;9.7;0.28;2.5
Gradisca d'isonzo;Gradisca d'is.;1326.189140767524;4;29;28.20496368408203;0.79503631591796875;10.4;0.14;0.8
Ruda cimitero;Gradisca d'is.;8828.041571859949;12;29;8.37320327758789;20.62679672241211;11.4;0.25;4.2
Fiumicello;Gradisca d'is.;15009.689759781546;12;29;0;29;11.2;0.15;0.8
Fossalon bonifica vittoria;Gradisca d'is.;17361.848263482654;21;29;-1;30;10.8;0.2;2
Manzano ponte case;Gradisca d'is.;13361.092157249006;16;29;65.63212585449219;36.63212585449219;10.7;0.28;2.6
Brazzano;Gradisca d'is.;9929.486499038032;11;29;70.73090362548828;41.73090362548828;10.3;0.3;2.7
Capriva localita' la baita;Gradisca d'is.;6768.389357376032;20;29;53.29371643066406;24.293716430664062;10;0.3;2.6
Gorizia aeroporto di merna;Gradisca d'is.;9238.393636547025;20;29;58.04591369628906;29.045913696289062;10.8;0.25;0.6
Monfalcone;Gradisca d'is.;10186.425421523742;13;29;4.997217178344727;24.002782821655273;19.3;0.03;0.7
Alberoni idrovora sacchetti;Gradisca d'is.;12685.83847535461;23;29;-0.009229229763150215;29.00922922976315;10.5;0.21;2
Monfalcone piscina comunale;Gradisca d'is.;10634.261021210781;21;29;0.9136075377464294;28.08639246225357;12.3;0.18;4.2
Doberdo' centro visite gradina;Gradisca d'is.;7276.579871348204;25;29;60.08134078979492;31.081340789794922;12.7;0.23;4.9
Planais;Grado;15980.319014643308;6;5;-0.07753685861825943;5.077536858618259;8.3;0.24;0.8
Castions delle mure casali fabbrica;Grado;19502.040994230338;33;5;1.4943509101867676;3.5056490898132324;8.4;0.24;1.1
Torviscosa;Grado;18359.312039935907;8;5;2.9870262145996094;2.0129737854003906;8.7;0.22;1.7
Cervignano;Grado;16109.441257000928;7;5;3.2710282802581787;1.7289717197418213;9.9;0.2;1.8
Aquileia idrovora ca' padovano;Grado;8493.369417972051;26;5;-0.20078884065151215;5.200788840651512;9.3;0.2;1.5
Ca' viola;Grado;7508.668168993141;8;5;-1;6;9.8;0.2;1.6
Marano lagunare colomba;Grado;19332.352064500345;20;5;0;5;8.2;0.22;1.4
Grado sede g.i.t.;Grado;19.16026481621751;12;5;0.4218692481517792;4.578130751848221;8;0.22;0.6
Grado molo torpediniere;Grado;1136.5108251462739;18;5;0.6536489725112915;4.3463510274887085;8.5;0.24;1.9
Grado valle cavarera;Grado;2248.9822435639276;15;5;0.6634598970413208;4.336540102958679;8.4;0.23;1.8
Ruda cimitero;Grado;17328.178775088418;11;5;8.37320327758789;3.3732032775878906;10.6;0.17;2.4
Fiumicello;Grado;10012.395906150543;9;5;0;5;10;0.12;1.5
Fossalon bonifica vittoria;Grado;10225.871599682932;24;5;-1;6;8.4;0.22;1.3
Alberoni idrovora sacchetti;Grado;14593.130062898537;24;5;-0.009229229763150215;5.00922922976315;8.3;0.23;1.4
Monfalcone piscina comunale;Grado;16176.227218090056;25;5;0.9136075377464294;4.086392462253571;11.6;0.13;2.5
Planais;Grado-mare;16478.82840687141;8;0;-0.07753685861825943;0.07753685861825943;10.5;0.16;0.8
Torviscosa;Grado-mare;18924.702195365408;10;0;2.9870262145996094;2.9870262145996094;11;0.16;1.4
Cervignano;Grado-mare;16692.367184750387;9;0;3.2710282802581787;3.2710282802581787;11.9;0.18;1.7
Aquileia idrovora ca' padovano;Grado-mare;9073.218022876534;26;0;-0.20078884065151215;0.20078884065151215;11.9;0.15;1.6
Ca' viola;Grado-mare;8024.523636695447;9;0;-1;1;12.8;0.12;1.5
Marano lagunare colomba;Grado-mare;19787.388659766002;17;0;0;0;10.3;0.2;1.3
Grado molo torpediniere;Grado-mare;1656.0380989868643;15;0;0.6536489725112915;0.6536489725112915;10.4;0.16;1.2
Grado valle cavarera;Grado-mare;2444.439069688907;12;0;0.6634598970413208;0.6634598970413208;10.1;0.16;1.1
Ruda cimitero;Grado-mare;17882.321071673596;10;0;8.37320327758789;8.37320327758789;12.1;0.16;1.8
Fiumicello;Grado-mare;10560.270719122193;10;0;0;0;11.8;0.13;1.7
Fossalon bonifica vittoria;Grado-mare;10467.08868003618;22;0;-1;1;11.2;0.16;1.2
Alberoni idrovora sacchetti;Grado-mare;14933.409607546955;22;0;-0.009229229763150215;0.009229229763150215;10.5;0.18;1.2
Monfalcone piscina comunale;Grado-mare;16555.318350351386;22;0;0.9136075377464294;0.9136075377464294;13;0.11;1.9
Ariis centro e.t.p.;Lauzacco;19125.987777260827;17;60;10.054102897644043;49.94589710235596;12.3;0.23;3.6
Lestizza;Lauzacco;11186.29121427677;7;60;38.815711975097656;21.184288024902344;11.4;0.26;3.7
Rivolto;Lauzacco;19730.958124446206;7;60;37.384830474853516;22.615169525146484;12;0.26;3.5
Talmassons;Lauzacco;13525.896814134485;7;60;25.050640106201172;34.94935989379883;11.7;0.26;3.6
Pantianicco;Lauzacco;18434.16313682355;6;60;69.67994689941406;9.6799468994140625;12.3;0.27;3.5
Colloredo di prato;Lauzacco;13269.080543831853;17;60;103.91793823242188;43.917938232421875;11.7;0.26;3.9
Mortegliano;Lauzacco;8169.208051651289;10;60;42.066070556640625;17.933929443359375;12.2;0.23;0.4
Castions di strada;Lauzacco;10495.386837512282;17;60;20.14171028137207;39.85828971862793;13;0.2;0.6
Sant'andrat del cormor;Lauzacco;11411.68642858764;18;60;22.43624496459961;37.56375503540039;12.5;0.22;3.6
Risano case moschioni;Lauzacco;1665.8266532300672;17;60;62.54551315307617;2.545513153076172;12.6;0.26;0.4
Trivignano udinese;Lauzacco;6396.398391514839;16;60;41.905914306640625;18.094085693359375;16.6;0.14;1.8
Ialmicco sede protezione civile regionale;Lauzacco;9177.266640950298;37;60;26.88026237487793;33.11973762512207;12.9;0.25;3.4
Pavia di udine;Lauzacco;2143.3837983359685;12;60;63.512428283691406;3.5124282836914062;12.5;0.27;3.5
Cerneglons;Lauzacco;8933.430135531931;9;60;91.393829345703125;31.393829345703125;12.2;0.3;3.5
Orzano;Lauzacco;11064.234091848624;5;60;100.03337860107422;40.03337860107422;12.6;0.25;3.5
Manzano ponte case;Lauzacco;9251.520879362013;14;60;65.63212585449219;5.6321258544921875;12.8;0.27;3.5
Brazzano;Lauzacco;14041.57169838309;5;60;70.73090362548828;10.730903625488281;12.5;0.27;3.5
Cormons;Lauzacco;15461.00571026396;8;60;79.207275390625;19.207275390625;12.8;0.26;0.4
Capriva localita' la baita;Lauzacco;19004.93797559066;23;60;53.29371643066406;6.7062835693359375;12.6;0.23;3.6
Latisana;Lignano sabbiadoro;14107.742629684351;13;7;5.5133056640625;1.4866943359375;11.4;0.14;2.1
Ariis centro e.t.p.;Lignano sabbiadoro;19536.11070643989;18;7;10.054102897644043;3.054102897644043;9.5;0.21;1.4
Latisana crosere;Lignano sabbiadoro;13538.64344536678;14;7;1.522046685218811;5.477953314781189;8.8;0.22;1.2
Rivarotta;Lignano sabbiadoro;14035.824073761356;14;7;2.0823349952697754;4.917665004730225;9.8;0.49;0.5
Pocenia zona industriale;Lignano sabbiadoro;14841.486007402154;19;7;5.951496601104736;1.0485033988952637;11;0.22;1.6
Cormor paradiso;Lignano sabbiadoro;19799.41406708509;13;7;11.960711479187012;4.960711479187012;11.6;0.07;1.3
Zavattina;Lignano sabbiadoro;14683.918860972582;15;7;6.220213413238525;0.7797865867614746;9.7;0.21;1.5
San giorgio di nogaro;Lignano sabbiadoro;16011.206809800797;16;7;5.442806243896484;1.5571937561035156;9.4;0.2;1.3
Planais;Lignano sabbiadoro;10850.892669685165;14;7;-0.07753685861825943;7.077536858618259;9;0.2;0.4
Torviscosa;Lignano sabbiadoro;16399.640537248368;15;7;2.9870262145996094;4.012973785400391;9.5;0.22;1.4
Cervignano;Lignano sabbiadoro;19760.227648867756;15;7;3.2710282802581787;3.7289717197418213;10.9;0.14;1.6
Aquileia idrovora ca' padovano;Lignano sabbiadoro;16844.471995758744;21;7;-0.20078884065151215;7.200788840651512;9.9;0.18;1.3
Val lovato;Lignano sabbiadoro;4414.111758345194;14;7;-0.23750941455364227;7.237509414553642;10;0.18;0.5
Lignano sabbiadoro;Lignano sabbiadoro;2647.271220277127;0;7;2.3162028789520264;4.683797121047974;9.9;0.21;1.5
Fraida;Lignano sabbiadoro;5156.7896249425285;15;7;-0.03847680613398552;7.0384768061339855;8.7;0.23;1.2
Lame di precenicco;Lignano sabbiadoro;6525.173592023705;15;7;0;7;8.9;0.21;0.4
Marano lagunare colomba;Lignano sabbiadoro;8850.598454709387;16;7;0;7;8.6;0.23;1.2
Grado sede g.i.t.;Lignano sabbiadoro;19513.082693079505;15;7;0.4218692481517792;6.578130751848221;7.9;0.17;0.4
Grado molo torpediniere;Lignano sabbiadoro;18551.21250844978;19;7;0.6536489725112915;6.3463510274887085;10.6;0.19;1.7
Castions delle mure casali fabbrica;Monfalcone;18761.429186107827;31;0;1.4943509101867676;1.4943509101867676;9.6;0.25;0.2
Cervignano;Monfalcone;15717.740729087736;9;0;3.2710282802581787;3.2710282802581787;12.5;0.23;2.2
Aquileia idrovora ca' padovano;Monfalcone;14738.569126666598;25;0;-0.20078884065151215;0.20078884065151215;11.2;0.27;1.7
Ca' viola;Monfalcone;10316.45508422144;9;0;-1;1;11.9;0.24;1.8
Grado molo torpediniere;Monfalcone;16112.39877866154;18;0;0.6536489725112915;0.6536489725112915;11.2;0.22;2
Grado valle cavarera;Monfalcone;13893.246867922902;15;0;0.6634598970413208;0.6634598970413208;10.8;0.23;1.8
Ruda cimitero;Monfalcone;11801.39377677911;11;0;8.37320327758789;8.37320327758789;13.2;0.21;2.5
Fiumicello;Monfalcone;10382.697819853012;10;0;0;0;11.6;0.19;0.7
Fossalon bonifica vittoria;Monfalcone;6025.534987175214;21;0;-1;1;10.8;0.26;1.8
Alberoni idrovora sacchetti;Monfalcone;1848.3565088744035;22;0;-0.009229229763150215;0.009229229763150215;10.3;0.31;1.7
Monfalcone piscina comunale;Monfalcone;2642.900660064465;17;0;0.9136075377464294;0.9136075377464294;13.8;0.19;2.4
Livinal lunc;Monte lussari;12437.576405685822;11;1760;1805.7515869140625;45.7515869140625;24.8;0.32;5.9
Casera pieltinis;Monte zoncolan;15740.040823159417;14;1750;1712.8677978515625;37.1322021484375;14;0.4;2.1
Trieste istituto nautico;Muggia;4222.026519175989;22;2;7.493386745452881;5.493386745452881;7.2;0.27;0.9
Muggia;Muggia;2012.7541650693324;0;2;0.8371971845626831;1.162802815437317;7.1;0.31;0.5
Stolvizza;Musi;8198.883811290876;8;600;584.2904052734375;15.7095947265625;21.4;0.3;5.1
Resia prato;Musi;7219.868724452711;9;600;626.32586669921875;26.32586669921875;22.4;0.26;5.2
Grauzaria;Musi;16898.398452524973;7;600;607.89410400390625;7.89410400390625;22.8;0.17;3.1
Varmo casello idraulico c.b.b.f.;Palazzolo dello stella;9912.63634951644;23;5;13.007050514221191;8.007050514221191;9.2;0.26;0.9
Latisana;Palazzolo dello stella;5672.895356898068;19;5;5.5133056640625;0.5133056640625;11.1;0.15;2
San vito al tagliamento ospedale;Palazzolo dello stella;19451.10993326122;23;5;27.80974006652832;22.80974006652832;9.3;0.25;0.3
San vito al tagliamento cimitero;Palazzolo dello stella;19505.4586417223;25;5;32.09159469604492;27.091594696044922;10.2;0.24;1.4
Sesto al reghena;Palazzolo dello stella;18961.836509024666;17;5;10.6888427734375;5.6888427734375;9.7;0.22;0.3
Mure;Palazzolo dello stella;19618.549852704604;21;5;8.119863510131836;3.119863510131836;10;0.2;1.1
Ariis centro e.t.p.;Palazzolo dello stella;7735.364731592018;19;5;10.054102897644043;5.054102897644043;9.7;0.25;0.9
Latisana crosere;Palazzolo dello stella;3192.777636503369;17;5;1.522046685218811;3.477953314781189;8.9;0.28;1
Rivarotta;Palazzolo dello stella;2677.5615167262895;18;5;2.0823349952697754;2.9176650047302246;9.1;0.24;1.1
Pocenia zona industriale;Palazzolo dello stella;5619.168944108587;18;5;5.951496601104736;0.9514966011047363;11;0.21;1.6
Codroipo;Palazzolo dello stella;18645.664067072226;19;5;42.48942565917969;37.48942565917969;10;0.22;0.4
Lestizza;Palazzolo dello stella;17414.436017228036;18;5;38.815711975097656;33.815711975097656;9.7;0.23;1.2
Villacaccia;Palazzolo dello stella;18586.290944949207;19;5;46.654701232910156;41.654701232910156;10.2;0.24;0.5
Rivolto;Palazzolo dello stella;16718.739889060296;19;5;37.384830474853516;32.384830474853516;9.9;0.25;1.3
Talmassons;Palazzolo dello stella;14539.985193257846;18;5;25.050640106201172;20.050640106201172;10.1;0.24;1
Mortegliano;Palazzolo dello stella;18601.32772292768;19;5;42.066070556640625;37.066070556640625;10.6;0.21;0.7
Castions di strada;Palazzolo dello stella;15604.316521044162;14;5;20.14171028137207;15.14171028137207;10.6;0.2;0.5
Cormor paradiso;Palazzolo dello stella;11659.343803989057;19;5;11.960711479187012;6.960711479187012;10.4;0.18;0.9
Sant'andrat del cormor;Palazzolo dello stella;14782.364946913367;17;5;22.43624496459961;17.43624496459961;12;0.17;1.7
Zavattina;Palazzolo dello stella;8904.35370683534;18;5;6.220213413238525;1.2202134132385254;9.8;0.23;1.4
Fauglis;Palazzolo dello stella;18911.05258078432;19;5;17.458444595336914;12.458444595336914;10.9;0.18;0.5
San giorgio di nogaro;Palazzolo dello stella;12768.225211911295;18;5;5.442806243896484;0.4428062438964844;9.9;0.23;0.9
Planais;Palazzolo dello stella;15230.510402988219;18;5;-0.07753685861825943;5.077536858618259;9.8;0.2;0.5
Torviscosa;Palazzolo dello stella;17393.756059675135;18;5;2.9870262145996094;2.0129737854003906;11.1;0.16;1.7
Belvat;Palazzolo dello stella;18872.607270521934;19;5;-1.075460433959961;6.075460433959961;10.5;0.18;0.4
Val lovato;Palazzolo dello stella;14209.541195440212;16;5;-0.23750941455364227;5.237509414553642;10.2;0.18;0.4
Lignano sabbiadoro;Palazzolo dello stella;14295.974675821015;20;5;2.3162028789520264;2.6837971210479736;9.6;0.2;1.1
Fraida;Palazzolo dello stella;8616.73624596429;19;5;-0.03847680613398552;5.0384768061339855;9.2;0.24;1.2
Lame di precenicco;Palazzolo dello stella;10160.798208019361;20;5;0;5;9.4;0.23;0.4
Marano lagunare colomba;Palazzolo dello stella;11256.193765492862;18;5;0;5;9.4;0.23;1
Malga valine alta;Piancavallo;17802.117303674662;12;1275;1304.3956298828125;29.3956298828125;30.5;0.45;1.6
Casera pradut;Piancavallo;16011.550059455913;11;1275;1268.81591796875;6.18408203125;26.2;0.42;2.1
Piancavallo pista di fondo;Piancavallo;275.1287758231483;15;1275;1317.1888427734375;42.1888427734375;27;0.27;3.1
Stolvizza;Pontebba;16689.599756976175;7;590;584.2904052734375;5.7095947265625;18.7;0.34;2.7
Resia prato;Pontebba;14883.649326392402;10;590;626.32586669921875;36.32586669921875;19;0.32;2.6
Grauzaria;Pontebba;11167.438954183097;8;590;607.89410400390625;17.89410400390625;16.8;0.28;1
Sacile ponte lacchin;Pordenone;13908.740065934853;16;23;22.27758026123047;0.72241973876953125;10.6;0.31;2.2
Pordenone localita' torre;Pordenone;1752.326217694786;16;23;29.147491455078125;6.147491455078125;10.4;0.29;0.9
Pordenone sede c.b.c.m.;Pordenone;2119.028415524056;14;23;25.985637664794922;2.985637664794922;11.3;0.2;0.5
Pordenone campo atletica;Pordenone;2507.2642599373585;15;23;30.16668701171875;7.16668701171875;11.3;0.28;2.6
Visinale ponte ferro;Pordenone;8576.974662143855;16;23;12;11;7.6;0.23;0.9
Porcia rondover;Pordenone;6280.292070562694;9;23;15.506112098693848;7.493887901306152;11.7;0.35;4.7
Cordenons acquedotto san giovanni;Pordenone;6357.4240994096335;25;23;69.83683776855469;46.83683776855469;11.2;0.35;4
Forcate ex acquedotto;Pordenone;8754.827343422206;17;23;72.82865905761719;49.82865905761719;11.4;0.27;2.5
Colesit;Pordenone;11783.964571689208;7;23;61.68111801147461;38.68111801147461;12.1;0.13;1.3
Villadolt;Pordenone;9210.720331263581;8;23;48.569671630859375;25.569671630859375;11.4;0.2;1
Vigonovo;Pordenone;11145.191082166855;7;23;38.288414001464844;15.288414001464844;15.9;0.14;4.9
Ponte della delizia casello c.b.c.m.;Pordenone;16507.65323616012;31;23;46.997962951660156;23.997962951660156;12;0.18;0.7
Ponte della delizia;Pordenone;17040.179280786633;14;23;43.79997634887695;20.799976348876953;11.3;0.23;2.5
San martino al tagliamento;Pordenone;16205.126259573773;22;23;69.169464111328125;46.169464111328125;12.4;0.23;0.6
Arzenutto;Pordenone;16266.27740678555;7;23;63.39314270019531;40.39314270019531;11.8;0.22;1.5
San vito al tagliamento ospedale;Pordenone;14186.543370269192;27;23;27.80974006652832;4.80974006652832;10.8;0.22;0.6
San vito al tagliamento cimitero;Pordenone;14923.17445505456;27;23;32.09159469604492;9.091594696044922;11.9;0.25;2.9
Sesto al reghena;Pordenone;15782.856249096909;13;23;10.6888427734375;12.3111572265625;11.5;0.17;0.6
Mure;Pordenone;15867.012439479911;7;23;8.119863510131836;14.880136489868164;11.3;0.21;2.4
Zuiano;Pordenone;9195.58452486382;7;23;11.029081344604492;11.970918655395508;11.6;0.26;2.9
Azzano decimo;Pordenone;8247.846871617909;10;23;13.677153587341309;9.322846412658691;10.1;0.27;0.5
Squarzare';Pordenone;13162.459174596364;9;23;9.371118545532227;13.628881454467773;11.5;0.29;4.1
Colloredo di prato;Pradamano;12742.379677434072;14;91;103.91793823242188;12.917938232421875;11.6;0.3;5.1
Rizzi;Pradamano;9414.40408780269;9;91;117.85282897949219;26.852828979492188;18.8;0.09;1.1
Udine castello;Pradamano;5629.1036967781065;12;91;114.83202362060547;23.83202362060547;11.9;0.32;4.6
Mortegliano;Pradamano;14407.019367071849;7;91;42.066070556640625;48.933929443359375;12.3;0.24;0.6
Adegliacco;Pradamano;9778.585162333235;8;91;136.69041442871094;45.69041442871094;12.4;0.33;4.6
Risano case moschioni;Pradamano;7740.485238276507;17;91;62.54551315307617;28.454486846923828;12.8;0.26;0.4
Trivignano udinese;Pradamano;10977.864377087317;14;91;41.905914306640625;49.094085693359375;16.5;0.14;1.3
Pavia di udine;Pradamano;5837.062976183278;10;91;63.512428283691406;27.487571716308594;12.5;0.3;4.5
Povoletto;Pradamano;8763.082304487687;7;91;131.51287841796875;40.51287841796875;12.2;0.3;5
Cerneglons;Pradamano;1735.8451445192452;8;91;91.393829345703125;0.393829345703125;12.4;0.32;4.5
Orzano;Pradamano;4679.34572210153;5;91;100.03337860107422;9.033378601074219;12.9;0.27;4.5
Cividale istituto agrario;Pradamano;10658.034315330387;21;91;132.30323791503906;41.30323791503906;12.5;0.32;4.6
Manzano ponte case;Pradamano;8974.318000039984;16;91;65.63212585449219;25.367874145507812;13;0.28;4.6
Albana;Pradamano;14476.708476119456;7;91;134.72122192382812;43.721221923828125;12.4;0.32;4.6
Brazzano;Pradamano;13863.600160602351;4;91;70.73090362548828;20.26909637451172;12.8;0.28;4.6
Cormons;Pradamano;15939.237838699397;7;91;79.207275390625;11.792724609375;13.1;0.27;0.4
Capriva localita' la baita;Pradamano;19510.373618732418;22;91;53.29371643066406;37.70628356933594;13;0.24;4.6
Adegliacco;San pietro al natisone;19971.754399342564;18;160;136.69041442871094;23.309585571289062;12.7;0.32;4.9
Zompitta presa c.b.l.t.;San pietro al natisone;19043.18052019471;19;160;189.82723999023438;29.827239990234375;13.2;0.32;4.9
Povoletto;San pietro al natisone;13790.775415168262;18;160;131.51287841796875;28.48712158203125;12.6;0.29;5.4
Azzida;San pietro al natisone;759.0799337012566;20;160;176.23768615722656;16.237686157226562;12.7;0.37;4.8
Cividale istituto agrario;San pietro al natisone;5657.298228126094;20;160;132.30323791503906;27.696762084960938;12.5;0.33;4.9
Albana;San pietro al natisone;7343.253707869186;19;160;134.72122192382812;25.278778076171875;12.5;0.32;5
Pordenone localita' torre;San vito al tgl.;13675.93271246323;19;21;29.147491455078125;8.147491455078125;9.2;0.3;0.5
Pordenone sede c.b.c.m.;San vito al tgl.;14337.604543789854;19;21;25.985637664794922;4.985637664794922;10.4;0.22;0.6
Pordenone campo atletica;San vito al tgl.;14618.095602120862;17;21;30.16668701171875;9.16668701171875;10.2;0.28;1.7
Visinale ponte ferro;San vito al tgl.;16308.488890497112;17;21;12;9;8.2;0.24;1.3
Porcia rondover;San vito al tgl.;15871.491659351674;15;21;15.506112098693848;5.493887901306152;10.7;0.32;3
Cordenons acquedotto san giovanni;San vito al tgl.;15443.2648788607;26;21;69.83683776855469;48.83683776855469;11;0.32;2.7
Ponte della delizia casello c.b.c.m.;San vito al tgl.;10510.972258466032;28;21;46.997962951660156;25.997962951660156;10.5;0.23;0.7
Ponte della delizia;San vito al tgl.;10181.733142068757;16;21;43.79997634887695;22.799976348876953;10.1;0.25;1.6
Varmo casello idraulico c.b.b.f.;San vito al tgl.;12986.034914819591;24;21;13.007050514221191;7.992949485778809;9.6;0.23;1.2
Latisana;San vito al tgl.;19667.21260435092;13;21;5.5133056640625;15.4866943359375;11.1;0.17;2.7
San martino al tagliamento;San vito al tgl.;15285.162075367783;13;21;69.169464111328125;48.169464111328125;11.1;0.25;0.9
Arzenutto;San vito al tgl.;14126.590924463006;14;21;63.39314270019531;42.39314270019531;10.8;0.2;1.6
San vito al tagliamento ospedale;San vito al tgl.;3563.0857549663474;17;21;27.80974006652832;6.80974006652832;9.2;0.27;0.3
San vito al tagliamento cimitero;San vito al tgl.;5366.225187275478;17;21;32.09159469604492;11.091594696044922;10.2;0.27;1.9
Sesto al reghena;San vito al tgl.;5357.494510723866;11;21;10.6888427734375;10.3111572265625;9.7;0.23;0.3
Mure;San vito al tgl.;6215.297976457077;16;21;8.119863510131836;12.880136489868164;9.8;0.23;1.5
Zuiano;San vito al tgl.;8265.284106392251;14;21;11.029081344604492;9.970918655395508;9.6;0.28;1.7
Azzano decimo;San vito al tgl.;7991.945860213286;14;21;13.677153587341309;7.322846412658691;9;0.29;0.2
Squarzare';San vito al tgl.;16373.39464621058;14;21;9.371118545532227;11.628881454467773;10.8;0.26;2.6
Codroipo;San vito al tgl.;15550.82828147154;14;21;42.48942565917969;21.489425659179688;10.1;0.22;0.3
Rivolto;San vito al tgl.;17296.355307726255;12;21;37.384830474853516;16.384830474853516;10.4;0.24;1.8
San pelagio;Sgonico-zgonik;5281.513893538521;10;268;234.58306884765625;33.41693115234375;9.8;0.3;2.1
Prosecco eliporto;Sgonico-zgonik;4068.999077003322;13;268;273.6768493652344;5.676849365234375;10.4;0.26;2.1
Borgo grotta gigante;Sgonico-zgonik;3628.6033396776634;15;268;274.7296447753906;6.729644775390625;10;0.29;1.3
Trieste cattinara;Sgonico-zgonik;13447.028125932471;16;268;289.24932861328125;21.24932861328125;10.9;0.21;2.5
Varmo casello idraulico c.b.b.f.;Talmassons;13622.452728917127;27;16;13.007050514221191;2.9929494857788086;9.4;0.25;1.5
Latisana;Talmassons;17351.277053875176;7;16;5.5133056640625;10.4866943359375;11.4;0.14;3.4
Ariis centro e.t.p.;Talmassons;5736.596187466801;18;16;10.054102897644043;5.945897102355957;9.7;0.25;1.5
Latisana crosere;Talmassons;14887.838393306221;13;16;1.522046685218811;14.477953314781189;9.2;0.26;1.5
Rivarotta;Talmassons;9106.420713645713;9;16;2.0823349952697754;13.917665004730225;9.5;0.21;1.5
Pocenia zona industriale;Talmassons;6387.622225951891;20;16;5.951496601104736;10.048503398895264;11.2;0.2;2.7
Codroipo;Talmassons;16119.102231614657;9;16;42.48942565917969;26.489425659179688;10.1;0.22;0.3
Lestizza;Talmassons;7826.887688268156;10;16;38.815711975097656;22.815711975097656;9.8;0.23;1.9
Villacaccia;Talmassons;11988.981529926868;9;16;46.654701232910156;30.654701232910156;10.3;0.24;0.4
Rivolto;Talmassons;13165.458942275174;9;16;37.384830474853516;21.384830474853516;10.1;0.24;2.1
Talmassons;Talmassons;6018.595911464974;0;16;25.050640106201172;9.050640106201172;10.1;0.24;1.5
Mortegliano;Talmassons;7475.465240164009;10;16;42.066070556640625;26.066070556640625;10.6;0.21;0.5
Castions di strada;Talmassons;3917.3008376476882;15;16;20.14171028137207;4.14171028137207;10.5;0.21;0.4
Cormor paradiso;Talmassons;373.450736896172;12;16;11.960711479187012;4.039288520812988;10.4;0.2;0.8
Sant'andrat del cormor;Talmassons;3602.3633044799512;19;16;22.43624496459961;6.436244964599609;12;0.17;2.8
Zavattina;Talmassons;5428.38559461114;7;16;6.220213413238525;9.779786586761475;9.9;0.23;2.4
Fauglis;Talmassons;8500.947537320339;8;16;17.458444595336914;1.458444595336914;11;0.18;0.3
San giorgio di nogaro;Talmassons;6386.0203756592755;18;16;5.442806243896484;10.557193756103516;10;0.22;1.5
Planais;Talmassons;13919.379552716131;7;16;-0.07753685861825943;16.07753685861826;9.9;0.2;0.5
Castions delle mure casali fabbrica;Talmassons;12948.235978191042;30;16;1.4943509101867676;14.505649089813232;9.7;0.23;0.4
Torviscosa;Talmassons;11679.33629581413;7;16;2.9870262145996094;13.01297378540039;11.3;0.16;2.1
Belvat;Talmassons;14042.087136401089;8;16;-1.075460433959961;17.07546043395996;11;0.15;0.4
Cervignano;Talmassons;16178.604472107718;9;16;3.2710282802581787;12.728971719741821;10.7;0.18;1.8
Risano case moschioni;Talmassons;13595.87631074496;15;16;62.54551315307617;46.54551315307617;10.6;0.23;0.7
Gris cuccana;Talmassons;8582.635193679407;11;16;37.09934997558594;21.099349975585938;11.2;0.19;0.3
Palmanova;Talmassons;11673.087389317456;5;16;26.880163192749023;10.880163192749023;10.8;0.19;0.4
Trivignano udinese;Talmassons;16114.939050075189;14;16;41.905914306640625;25.905914306640625;12.3;0.15;1.2
Ialmicco sede protezione civile regionale;Talmassons;14144.229516186959;35;16;26.88026237487793;10.88026237487793;10.7;0.21;2.1
Pavia di udine;Talmassons;16362.222633506019;11;16;63.512428283691406;47.512428283691406;12.3;0.23;3.1
Fraida;Talmassons;16648.49838225662;9;16;-0.03847680613398552;16.038476806133986;9.4;0.23;1.8
Lame di precenicco;Talmassons;19917.148316113515;16;16;0;16;9.7;0.21;0.5
Marano lagunare colomba;Talmassons;12197.94547239908;19;16;0;16;9.6;0.22;1.5
Ca' anfora;Talmassons;18349.50861794944;7;16;-2.7816812992095947;18.781681299209595;10.2;0.18;0.5
Chiout;Tarvisio;15300.728536516797;7;794;792.772216796875;1.227783203125;13.9;0.31;1.8
Tarvisio campo sportivo;Tarvisio;3295.39561651783;15;794;754.337158203125;39.662841796875;11.8;0.23;1.2
Tarvisio;Tarvisio;1485.444280265244;0;794;788.60186767578125;5.39813232421875;11.7;0.19;0.5
Tolmezzo;Tolmezzo;2878.7510597587234;0;314;363.86981201171875;49.86981201171875;18.2;0.32;0.9
Tolmezzo ponte di caneva;Tolmezzo;1155.2563758552421;16;314;345.44940185546875;31.44940185546875;11.7;0.25;0.2
Borgo povici;Tolmezzo;16642.254136830183;10;314;361.42498779296875;47.42498779296875;18.8;0.3;2.1
Venzone;Tolmezzo;12980.883721010463;7;314;285.83502197265625;28.16497802734375;19.3;0.28;1.2
Trieste istituto nautico;Trieste molo f.lli bandiera;1003.773721844816;16;1;7.493386745452881;6.493386745452881;7.5;0.28;0.5
Muggia;Trieste molo f.lli bandiera;5717.130033195047;25;1;0.8371971845626831;0.1628028154373169;8.2;0.2;0.6
Flaibano;Udine s.o.;19028.074412372738;9;91;91.2201919555664;0.22019195556640625;11.6;0.23;1.9
Villacaccia;Udine s.o.;13964.502833245833;11;91;46.654701232910156;44.345298767089844;11.6;0.24;0.5
Villaorba;Udine s.o.;12555.036072935627;9;91;67.18202209472656;23.817977905273438;10.6;0.25;0.4
Pantianicco;Udine s.o.;14707.385919016471;10;91;69.67994689941406;21.320053100585938;11.9;0.29;3.4
Colloredo di prato;Udine s.o.;7175.111527330032;16;91;103.91793823242188;12.917938232421875;11.6;0.28;4.1
Rizzi;Udine s.o.;6243.864041410342;9;91;117.85282897949219;26.852828979492188;13.4;0.18;0.8
Udine castello;Udine s.o.;3393.0374583085813;7;91;114.83202362060547;23.83202362060547;10.8;0.27;2.6
Pasian di prato;Udine s.o.;4105.665833880354;12;91;101.91656494140625;10.91656494140625;11.8;0.25;0.4
Mortegliano;Udine s.o.;10426.173271192305;10;91;42.066070556640625;48.933929443359375;11.6;0.22;0.7
Adegliacco;Udine s.o.;8911.524139244846;9;91;136.69041442871094;45.69041442871094;11.6;0.27;2.7
Risano case moschioni;Udine s.o.;5937.62487963724;16;91;62.54551315307617;28.454486846923828;11.3;0.25;0.5
Trivignano udinese;Udine s.o.;13009.07836216956;15;91;41.905914306640625;49.094085693359375;12.9;0.17;0.8
Pavia di udine;Udine s.o.;7222.2344886963365;12;91;63.512428283691406;27.487571716308594;12.5;0.28;3.7
Povoletto;Udine s.o.;11653.735752585926;9;91;131.51287841796875;40.51287841796875;12.5;0.25;4.1
Cerneglons;Udine s.o.;7444.335438643766;8;91;91.393829345703125;0.393829345703125;11.4;0.26;2.4
Orzano;Udine s.o.;10592.155459476562;9;91;100.03337860107422;9.033378601074219;12.3;0.26;3.4
Cividale istituto agrario;Udine s.o.;16334.791998396373;20;91;132.30323791503906;41.30323791503906;11.9;0.25;1.8
Manzano ponte case;Udine s.o.;13623.5423234587;15;91;65.63212585449219;25.367874145507812;11.4;0.24;2.6
Brazzano;Udine s.o.;18741.461497107244;9;91;70.73090362548828;20.26909637451172;11.4;0.25;2.7
Marsure bares;Vivaro;13043.120186878827;11;142;188.30410766601562;46.304107666015625;17.2;0.27;1.8
Aviano;Vivaro;12932.742375821466;4;142;145.93150329589844;3.9315032958984375;12;0.31;1.8
Aviano casa marchi;Vivaro;11382.941254299329;15;142;166.18336486816406;24.183364868164062;12.4;0.25;0.5
San quirino la roiata;Vivaro;12010.718381131992;17;142;97.66266632080078;44.33733367919922;10.3;0.33;0.5
San quirino officina c.b.c.m.;Vivaro;11760.122652338901;27;142;122.39817810058594;19.601821899414062;15.4;0.19;1.4
San martino di campagna;Vivaro;9655.630440952129;20;142;183.31297302246094;41.31297302246094;14.2;0.22;1.3
Rauscedo stazione di pompaggio c.b.c.m.;Vivaro;4468.579983358943;36;142;104.90544128417969;37.09455871582031;13.2;0.2;1
Basaldella di vivaro;Vivaro;2127.9975795329215;15;142;141.309814453125;0.690185546875;11.3;0.33;2
Villa rinaldi;Vivaro;7069.4573727929865;9;142;95.75718688964844;46.24281311035156;14.5;0.21;0.4
Pinzano;Vivaro;18028.951690908703;4;142;149.7477569580078;7.7477569580078125;12.3;0.3;1.6
Vacile;Vivaro;11876.510699689534;5;142;154.6710205078125;12.6710205078125;12.1;0.3;1.8
Baseglia;Vivaro;11721.012106977125;8;142;129.8436279296875;12.1563720703125;13.6;0.27;0.3
Barbeano;Vivaro;6332.461310452251;6;142;113.07208251953125;28.92791748046875;11.9;0.22;0.9
Istrago;Vivaro;9865.012794603881;5;142;129.85023498535156;12.149765014648438;11.8;0.28;0.3
Spilimbergo la favorita;Vivaro;9493.418537445137;20;142;121.96224212646484;20.037757873535156;11.8;0.37;3.6
