SiteID;SiteName;SiteCode;FullSiteCode;Elevation;State;County;Comments;Discharge.start;Discharge.end;Precipitation.start;Precipitation.end;Tmax.start;Tmax.end;Tmin.start;Tmin.end;Water_Level.start;Water_Level.end;Elevation_dem;Longitude;Latitude
1;Gorgazzo sorgente;A001;OD:A001;NA;NA;FVG;NA;NA;NA;NA;NA;NA;NA;NA;NA;1925;2012;77.04447937011719;12.4967;46.0399
2;Gorgazzo;A002;OD:A002;NA;NA;FVG;NA;NA;NA;1925;2011;NA;NA;NA;NA;NA;NA;77.04447937011719;12.495099999999999;46.038
3;Molinetto c/o impianto ittiogenico;A003;OD:A003;NA;NA;FVG;NA;NA;NA;NA;NA;NA;NA;NA;NA;1986;1990;98.460235595703125;12.475699999999998;46.01109999999999
4;Fiaschetti;A004;OD:A004;NA;NA;FVG;NA;NA;NA;1990;1992;NA;NA;NA;NA;1924;2012;25.647066116333008;12.482799999999997;45.98510000000001
5;Marsure bares;A007;OD:A007;NA;NA;FVG;NA;NA;NA;2007;2011;NA;NA;NA;NA;NA;NA;188.30410766601562;12.601;46.087299999999985
7;Val dei sass;A009;OD:A009;NA;NA;FVG;NA;NA;NA;2009;2011;2009;2011;NA;NA;NA;NA;1840.6885986328125;12.4919;46.1155
8;Sacile ponte lacchin;A021;OD:A021;NA;NA;FVG;NA;2007;2012;1917;2012;NA;NA;NA;NA;NA;NA;22.27758026123047;12.502;45.9509
9;Ponte della muda;A023;OD:A023;NA;NA;FVG;NA;NA;NA;NA;NA;NA;NA;NA;NA;1992;2012;42.66930389404297;12.446699999999998;45.947599999999994
10;Aviano;A050;OD:A050;NA;NA;FVG;NA;NA;NA;1917;2012;2009;2011;NA;NA;NA;NA;145.93150329589844;12.602600000000002;46.064800000000005
11;Aviano casa marchi;A051;OD:A051;NA;NA;FVG;NA;NA;NA;1958;2002;NA;NA;NA;NA;NA;NA;166.18336486816406;12.621999999999998;46.070699999999995
12;San cassiano;A100;OD:A100;NA;NA;FVG;NA;NA;NA;NA;NA;NA;NA;NA;NA;1915;2012;9.0826263427734375;12.534899999999999;45.876699999999985
14;Tremeacque ponte destro;A102;OD:A102;NA;NA;FVG;NA;NA;NA;NA;NA;NA;NA;NA;NA;1990;2012;6.042686462402344;12.5686;45.828399999999995
15;Tramonti di sopra;A201;OD:A201;NA;NA;FVG;NA;NA;NA;1921;2005;1936;2005;NA;NA;NA;NA;438.9981689453125;12.7889;46.3098
16;Tramonti di sotto scuole nuove;A202;OD:A202;NA;NA;FVG;NA;NA;NA;2002;2012;2000;2011;NA;NA;NA;NA;392.0475769042969;12.793099999999999;46.2982
17;Malga rest;A204;OD:A204;NA;NA;FVG;NA;NA;NA;2009;2011;2009;2011;NA;NA;NA;NA;1515.8638916015625;12.7989;46.347899999999996
18;Ca' zul;A220;OD:A220;NA;NA;FVG;NA;NA;NA;1970;2012;1973;2011;NA;NA;NA;NA;795.5721435546875;12.7162;46.292199999999994
19;Ca' selva;A221;OD:A221;NA;NA;FVG;NA;NA;NA;1970;2012;1974;2011;NA;NA;NA;NA;627.71441650390625;12.700800000000001;46.258500000000005
20;Chievolis;A223;OD:A223;NA;NA;FVG;NA;NA;NA;1921;2012;NA;NA;NA;NA;NA;NA;437.4690246582031;12.733100000000002;46.2539
21;Campone;A224;OD:A224;NA;NA;FVG;NA;NA;NA;1917;2012;NA;NA;NA;NA;NA;NA;630.60858154296875;12.8313;46.2595
22;Malga valine alta;A226;OD:A226;NA;NA;FVG;NA;NA;NA;2009;2011;2009;2011;NA;NA;NA;NA;1304.3956298828125;12.675100000000002;46.236
23;Ponte racli;A240;OD:A240;NA;NA;FVG;NA;NA;NA;1970;2012;1974;2011;NA;NA;NA;NA;358.5740661621094;12.7499;46.241199999999985
24;Preplans;A241;OD:A241;NA;NA;FVG;NA;NA;NA;2002;2012;2000;2011;NA;NA;NA;NA;317.1380920410156;12.772999999999998;46.21789999999999
25;Borgo cilia;A242;OD:A242;NA;NA;FVG;NA;NA;NA;1990;2012;2000;2011;NA;NA;NA;NA;620.50677490234375;12.795;46.22589999999999
26;Valdestali;A243;OD:A243;NA;NA;FVG;NA;NA;NA;1990;1994;NA;NA;NA;NA;NA;NA;461.7435302734375;12.757200000000001;46.20750000000001
27;Poffabro;A244;OD:A244;NA;NA;FVG;NA;NA;NA;1915;2012;NA;NA;NA;NA;NA;NA;613.80633544921875;12.709500000000002;46.21649999999999
28;Cavasso nuovo;A260;OD:A260;NA;NA;FVG;NA;NA;NA;1917;1998;NA;NA;NA;NA;NA;NA;350.1836242675781;12.774699999999998;46.20280000000001
29;Maniago ponte ss. 464;A261;OD:A261;NA;NA;FVG;NA;NA;NA;2002;2012;NA;NA;NA;NA;NA;NA;286.688720703125;12.718799999999998;46.17389999999999
30;Fratta vivaio forestale;A262;OD:A262;NA;NA;FVG;NA;NA;NA;1916;2012;1936;2012;NA;NA;NA;NA;271.9602966308594;12.726999999999999;46.1785
31;Colle ponte ss 464;A263;OD:A263;NA;NA;FVG;NA;NA;NA;NA;NA;NA;NA;NA;NA;2003;2011;239.62319946289062;12.815099999999997;46.163599999999995
32;Colle;A264;OD:A264;NA;NA;FVG;NA;NA;NA;1958;2000;NA;NA;NA;NA;NA;NA;219.0072784423828;12.803400000000002;46.1688
33;Arba;A280;OD:A280;NA;NA;FVG;NA;NA;NA;1990;2012;2006;2011;NA;NA;NA;NA;200.73069763183594;12.804299999999998;46.143499999999996
34;Tesis;A281;OD:A281;NA;NA;FVG;NA;NA;NA;NA;NA;NA;NA;NA;NA;2005;2012;176.2062225341797;12.788899999999998;46.12510000000001
35;Ponte meduna;A300;OD:A300;NA;NA;FVG;NA;NA;NA;NA;NA;NA;NA;NA;NA;1929;2012;19.6729736328125;12.699299999999997;45.946
36;Pordenone localita' torre;A301;OD:A301;NA;NA;FVG;NA;NA;NA;1917;1998;NA;NA;NA;NA;NA;NA;29.147491455078125;12.672699999999999;45.9682
37;Pordenone sede c.b.c.m.;A302;OD:A302;NA;NA;FVG;NA;NA;NA;1958;2011;NA;NA;NA;NA;NA;NA;25.985637664794922;12.6579;45.9635
38;Pordenone campo atletica;A303;OD:A303;NA;NA;FVG;NA;NA;NA;2003;2012;NA;NA;NA;NA;NA;NA;30.16668701171875;12.649799999999999;45.95879999999999
39;Pordenone ponte via santissima;A304;OD:A304;NA;NA;FVG;NA;NA;NA;NA;NA;NA;NA;NA;NA;1990;2012;19.363529205322266;12.659;45.95179999999999
40;Prata di sopra;A320;OD:A320;NA;NA;FVG;NA;NA;NA;NA;NA;NA;NA;NA;NA;1991;2012;12;12.602500000000001;45.903299999999994
41;Visinale di sopra;A321;OD:A321;NA;NA;FVG;NA;NA;NA;NA;NA;NA;NA;NA;NA;1990;2012;12.54174518585205;12.614399999999998;45.902899999999995
42;Visinale ponte ferro;A322;OD:A322;NA;NA;FVG;NA;NA;NA;1990;1994;NA;NA;NA;NA;NA;NA;12;12.604999999999999;45.8978
43;Prata di pordenone;A323;OD:A323;NA;NA;FVG;NA;NA;NA;NA;NA;NA;NA;NA;NA;2005;2012;12;12.6035;45.8985
44;Tremeacque ponte sinistro;A324;OD:A324;NA;NA;FVG;NA;NA;NA;NA;NA;NA;NA;NA;NA;2002;2012;5.312811851501465;12.5702;45.8283
45;Porcia rondover;A325;OD:A325;NA;NA;FVG;NA;NA;NA;2010;2012;NA;NA;NA;NA;NA;NA;15.506112098693848;12.6141;45.92209999999999
46;Cimolais canonica;A400;OD:A400;NA;NA;FVG;NA;NA;NA;1922;2011;NA;NA;NA;NA;NA;NA;723.02154541015625;12.4383;46.28799999999999
47;Cimolais ponte ss. 251;A401;OD:A401;NA;NA;FVG;NA;NA;NA;2002;2012;NA;NA;NA;NA;NA;NA;691.68994140625;12.440799999999998;46.285699999999984
48;Claut;A402;OD:A402;NA;NA;FVG;NA;NA;NA;1915;1996;NA;NA;NA;NA;NA;NA;693.368408203125;12.5147;46.267500000000005
49;Lesis;A403;OD:A403;NA;NA;FVG;NA;NA;NA;2002;2012;NA;NA;NA;NA;NA;NA;733.9136962890625;12.5445;46.27210000000001
50;Baldass;A409;OD:A409;NA;NA;FVG;NA;NA;NA;2009;2012;NA;NA;NA;NA;NA;NA;1708.3070068359375;12.573199999999998;46.24249999999999
51;Casera podestine;A410;OD:A410;NA;NA;FVG;NA;NA;NA;2009;2012;NA;NA;NA;NA;NA;NA;1178.322509765625;12.6014;46.297299999999986
52;Casera pradut;A411;OD:A411;NA;NA;FVG;NA;NA;NA;2009;2011;NA;NA;NA;NA;NA;NA;1268.81591796875;12.5643;46.25619999999999
53;Val settimana briglia;A413;OD:A413;NA;NA;FVG;NA;NA;NA;NA;NA;NA;NA;NA;NA;2009;2011;723.87506103515625;12.5001;46.28269999999999
54;Forcella savalons;A414;OD:A414;NA;NA;FVG;NA;NA;NA;2009;2011;NA;NA;NA;NA;NA;NA;1731.8448486328125;12.4868;46.34980000000001
55;Rifugio pordenone;A415;OD:A415;NA;NA;FVG;NA;NA;NA;2009;2011;NA;NA;NA;NA;NA;NA;1263.885986328125;12.4893;46.3788
56;Rifugio pussa;A416;OD:A416;NA;NA;FVG;NA;NA;NA;2010;2012;NA;NA;NA;NA;NA;NA;1187.0257568359375;12.589999999999998;46.34499999999999
57;Claut tre pini;A417;OD:A417;NA;NA;FVG;NA;NA;NA;2010;2012;NA;NA;NA;NA;NA;NA;614.1451416015625;12.500299999999998;46.26350000000001
58;Cellino di sopra;A418;OD:A418;NA;NA;FVG;NA;NA;NA;2010;2012;NA;NA;NA;NA;NA;NA;575.11737060546875;12.4714;46.246500000000005
59;Prescudin villa emma;A422;OD:A422;NA;NA;FVG;NA;NA;NA;1969;2011;NA;NA;NA;NA;NA;NA;774.3319091796875;12.489199999999999;46.192699999999995
60;Arcola ponte per prescudin;A424;OD:A424;NA;NA;FVG;NA;NA;NA;NA;NA;NA;NA;NA;NA;2009;2012;641.88128662109375;12.515599999999997;46.2026
61;Casa fasolera;A425;OD:A425;NA;NA;FVG;NA;NA;NA;NA;NA;NA;NA;NA;NA;2009;2012;583.3326416015625;12.542299999999997;46.19440000000001
63;Piancavallo pista di fondo;A440;OD:A440;NA;NA;FVG;NA;NA;NA;1990;2012;NA;NA;NA;NA;NA;NA;1317.1888427734375;12.521700000000001;46.11330000000001
64;Barcis ponte antoi;A461;OD:A461;NA;NA;FVG;NA;NA;NA;1924;2010;NA;NA;NA;NA;NA;NA;470.39703369140625;12.5749;46.1881
65;Barcis bordo lago;A462;OD:A462;NA;NA;FVG;NA;NA;NA;1990;1993;NA;NA;NA;NA;NA;NA;448.18267822265625;12.5599;46.1897
66;Barcis stazione forestale;A463;OD:A463;NA;NA;FVG;NA;NA;NA;2002;2012;NA;NA;NA;NA;NA;NA;448.18267822265625;12.5637;46.1929
67;Andreis piazzola campeggio;A464;OD:A464;NA;NA;FVG;NA;NA;NA;2002;2012;NA;NA;NA;NA;NA;NA;462.1297912597656;12.612;46.198899999999995
68;Pala barzana;A467;OD:A467;NA;NA;FVG;NA;NA;NA;1990;2012;NA;NA;NA;NA;NA;NA;905.75079345703125;12.6592;46.1959
69;Diga cellina;A468;OD:A468;NA;NA;FVG;NA;NA;NA;1917;2010;NA;NA;NA;NA;NA;NA;559.82720947265625;12.597200000000003;46.1879
70;Ravedis invaso;A469;OD:A469;NA;NA;FVG;NA;NA;NA;2008;2012;NA;NA;NA;NA;NA;NA;462.9981689453125;12.6566;46.171899999999994
71;Vajont argine cellina;A470;OD:A470;NA;NA;FVG;NA;NA;NA;NA;NA;NA;NA;NA;NA;2010;2012;280.7554016113281;12.681499999999996;46.14779999999998
72;Prapiero ponte svincolo gallerie;A471;OD:A471;NA;NA;FVG;NA;NA;NA;NA;NA;NA;NA;NA;NA;2010;2012;464.6763916015625;12.6039;46.19530000000001
73;Val pentina casa bimbo;A472;OD:A472;NA;NA;FVG;NA;NA;NA;NA;NA;NA;NA;NA;NA;2010;2012;521.10186767578125;12.536899999999997;46.1874
74;San leonardo valcellina partidor;A480;OD:A480;NA;NA;FVG;NA;NA;NA;1958;2012;NA;NA;NA;NA;NA;NA;199.0238494873047;12.7058;46.098299999999995
75;La crosetta;A600;OD:A600;NA;NA;FVG;NA;NA;NA;1970;2011;NA;NA;NA;NA;NA;NA;1093.4517822265625;12.4052;46.03530000000001
76;Val sughet;A601;OD:A601;NA;NA;FVG;NA;NA;NA;2009;2011;NA;NA;NA;NA;NA;NA;1719.158935546875;12.504100000000001;46.11930000000001
77;Candaglia;A603;OD:A603;NA;NA;FVG;NA;NA;NA;2010;2011;NA;NA;NA;NA;NA;NA;1127.9398193359375;12.442799999999998;46.0641
78;Luogo di giulio;A610;OD:A610;NA;NA;FVG;NA;NA;NA;1990;1992;NA;NA;NA;NA;NA;NA;265.6770935058594;12.711700000000002;46.13960000000001
79;San quirino la roiata;A620;OD:A620;NA;NA;FVG;NA;NA;NA;1917;1999;NA;NA;NA;NA;NA;NA;97.66266632080078;12.6398;46.01659999999999
80;San quirino officina c.b.c.m.;A621;OD:A621;NA;NA;FVG;NA;NA;NA;2004;2011;NA;NA;NA;NA;NA;NA;122.39817810058594;12.6312;46.03179999999999
81;San martino di campagna;A622;OD:A622;NA;NA;FVG;NA;NA;NA;1990;2011;NA;NA;NA;NA;NA;NA;183.31297302246094;12.6441;46.0785
82;Rauscedo stazione di pompaggio c.b.c.m.;A623;OD:A623;NA;NA;FVG;NA;NA;NA;1958;2011;NA;NA;NA;NA;NA;NA;104.90544128417969;12.8244;46.0657
83;Basaldella di vivaro;A624;OD:A624;NA;NA;FVG;NA;NA;NA;1917;2012;NA;NA;NA;NA;NA;NA;141.309814453125;12.7906;46.08819999999999
84;San leonardo valcellina;A625;OD:A625;NA;NA;FVG;NA;NA;NA;1987;2003;NA;NA;NA;NA;NA;NA;213.10296630859375;12.6824;46.098200000000006
85;Villa rinaldi;A626;OD:A626;NA;NA;FVG;NA;NA;NA;2007;2011;NA;NA;NA;NA;NA;NA;95.75718688964844;12.7074;46.0295
86;Cordenons acquedotto san giovanni;A627;OD:A627;NA;NA;FVG;NA;NA;NA;2009;2012;NA;NA;NA;NA;NA;NA;69.83683776855469;12.7004;46.0092
87;Forcate ex acquedotto;A640;OD:A640;NA;NA;FVG;NA;NA;NA;1991;2012;NA;NA;NA;NA;NA;NA;72.82865905761719;12.588600000000001;45.9986
88;Colesit;A641;OD:A641;NA;NA;FVG;NA;NA;NA;1958;2002;NA;NA;NA;NA;NA;NA;61.68111801147461;12.5548;46.012399999999985
89;Villadolt;A642;OD:A642;NA;NA;FVG;NA;NA;NA;2002;2010;NA;NA;NA;NA;NA;NA;48.569671630859375;12.568299999999999;45.9792
90;Vigonovo;A643;OD:A643;NA;NA;FVG;NA;NA;NA;2010;2012;NA;NA;NA;NA;NA;NA;38.288414001464844;12.5452;45.9859
91;Erto;B001;OD:B001;NA;NA;FVG;NA;NA;NA;1921;2012;NA;NA;NA;NA;NA;NA;790.40875244140625;12.3707;46.277800000000006
92;Rifugio maniago;B004;OD:B004;NA;NA;FVG;NA;NA;NA;2009;2011;NA;NA;NA;NA;NA;NA;1655.6766357421875;12.3937;46.320699999999995
93;Mauria;C001;OD:C001;NA;NA;FVG;NA;NA;NA;1990;2006;NA;NA;NA;NA;NA;NA;1124.2220458984375;12.539;46.444700000000005
94;Forni di sopra;C003;OD:C003;NA;NA;FVG;NA;NA;NA;1917;2012;NA;NA;NA;NA;NA;NA;1010.0648803710938;12.5832;46.4236
95;Andrazza;C006;OD:C006;NA;NA;FVG;NA;NA;NA;2002;2012;NA;NA;NA;NA;NA;NA;887.3804931640625;12.5876;46.4047
96;Varmost plan dai pos;C009;OD:C009;NA;NA;FVG;NA;NA;NA;2009;2011;NA;NA;NA;NA;NA;NA;1901.107666015625;12.5596;46.454600000000006
97;Passo della morte stavolo mezzan;C022;OD:C022;NA;NA;FVG;NA;NA;NA;2003;2012;NA;NA;NA;NA;NA;NA;735.39501953125;12.715100000000001;46.3928
98;Caprizi;C023;OD:C023;NA;NA;FVG;NA;NA;NA;NA;NA;NA;NA;NA;NA;2005;2012;625.71466064453125;12.779199999999998;46.37319999999999
99;Malga cjampiuz;C032;OD:C032;NA;NA;FVG;NA;NA;NA;2007;2011;NA;NA;NA;NA;NA;NA;1633.0521240234375;12.679;46.35119999999999
100;Invillino madonna del ponte;C050;OD:C050;NA;NA;FVG;NA;NA;NA;NA;NA;NA;NA;NA;NA;1929;2012;424.45892333984375;12.9296;46.403800000000004
101;Tolmezzo ponte avons;C051;OD:C051;NA;NA;FVG;NA;NA;NA;NA;NA;NA;NA;NA;NA;2000;2012;306.72265625;13.0129;46.39019999999999
102;Sella chianzutan;C052;OD:C052;NA;NA;FVG;NA;NA;NA;1974;2012;NA;NA;NA;NA;NA;NA;1055.0140380859375;12.940299999999999;46.3589
103;Sauris di sopra;C100;OD:C100;NA;NA;FVG;NA;NA;NA;2003;2012;NA;NA;NA;NA;NA;NA;1359.5302734375;12.6819;46.4673
104;Sauris di sotto;C101;OD:C101;NA;NA;FVG;NA;NA;NA;1917;2012;NA;NA;NA;NA;NA;NA;1193.1715087890625;12.708099999999998;46.46559999999999
105;La maina;C102;OD:C102;NA;NA;FVG;NA;NA;NA;1943;2012;NA;NA;NA;NA;NA;NA;1106.9898681640625;12.7331;46.45089999999998
106;Casera chiansaveit;C103;OD:C103;NA;NA;FVG;NA;NA;NA;2008;2011;NA;NA;NA;NA;NA;NA;1928.746337890625;12.626400000000002;46.45190000000001
107;Casera pieltinis;C104;OD:C104;NA;NA;FVG;NA;NA;NA;2008;2011;NA;NA;NA;NA;NA;NA;1712.8677978515625;12.722999999999999;46.48449999999999
108;Ampezzo;C120;OD:C120;NA;NA;FVG;NA;NA;NA;1915;2012;NA;NA;NA;NA;NA;NA;547.313720703125;12.798799999999998;46.4148
109;Forni avoltri;C150;OD:C150;NA;NA;FVG;NA;NA;NA;1917;2012;NA;NA;NA;NA;NA;NA;1011.9490966796875;12.773799999999998;46.58679999999999
110;Collina;C151;OD:C151;NA;NA;FVG;NA;NA;NA;1920;2012;NA;NA;NA;NA;NA;NA;1334.96533203125;12.839;46.5856
111;Prato carnico ponte r. agazzo;C152;OD:C152;NA;NA;FVG;NA;NA;NA;1999;2012;NA;NA;NA;NA;NA;NA;801.20916748046875;12.8113;46.51990000000001
112;Prato carnico ponte t. pesarina;C153;OD:C153;NA;NA;FVG;NA;NA;NA;2002;2012;NA;NA;NA;NA;NA;NA;787.8465576171875;12.8056;46.51879999999999
113;Pesariis;C154;OD:C154;NA;NA;FVG;NA;NA;NA;1917;2012;NA;NA;NA;NA;NA;NA;876.10784912109375;12.775699999999999;46.52179999999999
114;Comeglians;C155;OD:C155;NA;NA;FVG;NA;NA;NA;2002;2012;NA;NA;NA;NA;NA;NA;640.62152099609375;12.864499999999998;46.50569999999999
115;Ravascletto;C156;OD:C156;NA;NA;FVG;NA;NA;NA;1973;2012;NA;NA;NA;NA;NA;NA;1000.44580078125;12.9166;46.519
116;Chialina;C159;OD:C159;NA;NA;FVG;NA;NA;NA;1917;1987;NA;NA;NA;NA;NA;NA;544.41796875;12.871500000000001;46.47410000000001
117;Pe' di cleva centro sci nordico;C164;OD:C164;NA;NA;FVG;NA;NA;NA;2009;2012;NA;NA;NA;NA;NA;NA;1168.087646484375;12.746399999999998;46.5705
118;Esemon di sotto;C183;OD:C183;NA;NA;FVG;NA;NA;NA;2006;2012;NA;NA;NA;NA;NA;NA;406.49676513671875;12.9068;46.4112
119;Raveo;C184;OD:C184;NA;NA;FVG;NA;NA;NA;1988;1997;NA;NA;NA;NA;NA;NA;509.166259765625;12.870599999999998;46.433099999999996
120;Villa santina;C185;OD:C185;NA;NA;FVG;NA;NA;NA;1917;2008;NA;NA;NA;NA;NA;NA;436.5908508300781;12.9115;46.41819999999999
121;Passo di monte croce carnico;C200;OD:C200;NA;NA;FVG;NA;NA;NA;1932;1944;NA;NA;NA;NA;NA;NA;1380.3997802734375;12.945;46.6028
122;Timau;C201;OD:C201;NA;NA;FVG;NA;NA;NA;1919;2012;NA;NA;NA;NA;NA;NA;901.4686279296875;13.006799999999998;46.57639999999999
123;Cleulis;C202;OD:C202;NA;NA;FVG;NA;NA;NA;2002;2012;NA;NA;NA;NA;NA;NA;863.5078125;13.005600000000001;46.5677
124;Paluzza;C203;OD:C203;NA;NA;FVG;NA;NA;NA;1917;2011;NA;NA;NA;NA;NA;NA;651.81640625;13.011799999999997;46.5281
125;Zovello;C204;OD:C204;NA;NA;FVG;NA;NA;NA;1917;1972;NA;NA;NA;NA;NA;NA;924.111083984375;12.9494;46.5308
126;Malga plotta;C206;OD:C206;NA;NA;FVG;NA;NA;NA;2007;2011;NA;NA;NA;NA;NA;NA;1989.8385009765625;12.8991;46.594199999999994
127;Malga pramosio;C207;OD:C207;NA;NA;FVG;NA;NA;NA;2009;2011;NA;NA;NA;NA;NA;NA;1558.2021484375;13.029600000000002;46.587500000000006
128;Casera zoufplan bassa;C208;OD:C208;NA;NA;FVG;NA;NA;NA;2009;2011;NA;NA;NA;NA;NA;NA;1488.5538330078125;12.983899999999998;46.55709999999999
129;Rifugio tamai;C211;OD:C211;NA;NA;FVG;NA;NA;NA;2011;2012;NA;NA;NA;NA;NA;NA;1666.99267578125;12.931499999999998;46.501499999999986
130;Paularo;C230;OD:C230;NA;NA;FVG;NA;NA;NA;1917;2012;NA;NA;NA;NA;NA;NA;702.52740478515625;13.120899999999999;46.52629999999999
131;Ponte lovea;C231;OD:C231;NA;NA;FVG;NA;NA;NA;NA;NA;NA;NA;NA;NA;1942;2012;712.83502197265625;13.075;46.473200000000006
132;Cedarchis;C232;OD:C232;NA;NA;FVG;NA;NA;NA;2002;2012;NA;NA;NA;NA;NA;NA;413.8949279785156;13.035900000000002;46.4564
133;Cason di lanza;C235;OD:C235;NA;NA;FVG;NA;NA;NA;2008;2011;NA;NA;NA;NA;NA;NA;1630.9583740234375;13.168699999999998;46.56799999999999
134;Casera del mestri;C236;OD:C236;NA;NA;FVG;NA;NA;NA;2011;2011;NA;NA;NA;NA;NA;NA;1466.92236328125;13.1414;46.481199999999994
135;Avosacco;C260;OD:C260;NA;NA;FVG;NA;NA;NA;1917;1999;NA;NA;NA;NA;NA;NA;538.4617919921875;13.020600000000002;46.4793
136;Arta terme;C261;OD:C261;NA;NA;FVG;NA;NA;NA;1969;2012;NA;NA;NA;NA;NA;NA;501.6275634765625;13.025;46.4743
137;Terme di arta;C262;OD:C262;NA;NA;FVG;NA;NA;NA;NA;NA;NA;NA;NA;NA;2003;2012;538.4617919921875;13.0183;46.4772
138;Tolmezzo;C263;OD:C263;NA;NA;FVG;NA;NA;NA;1917;2011;NA;NA;NA;NA;NA;NA;363.86981201171875;13.0225;46.4226
139;Tolmezzo ponte di caneva;C264;OD:C264;NA;NA;FVG;NA;NA;NA;2002;2006;NA;NA;NA;NA;NA;NA;345.44940185546875;13.0052;46.4098
140;Camporosso;C300;OD:C300;NA;NA;FVG;NA;NA;NA;1923;2011;NA;NA;NA;NA;NA;NA;889.34991455078125;13.523999999999997;46.508700000000005
141;Val ugovizza;C301;OD:C301;NA;NA;FVG;NA;NA;NA;2004;2012;NA;NA;NA;NA;NA;NA;1405.9122314453125;13.478399999999999;46.547999999999995
142;Ugovizza;C303;OD:C303;NA;NA;FVG;NA;NA;NA;NA;NA;NA;NA;NA;NA;2004;2012;898.59100341796875;13.471699999999998;46.51039999999998
143;Malborghetto ponte per nebria;C304;OD:C304;NA;NA;FVG;NA;NA;NA;1921;2012;NA;NA;NA;NA;NA;NA;895.99737548828125;13.440000000000001;46.50610000000001
144;Malga acomizza;C307;OD:C307;NA;NA;FVG;NA;NA;NA;2007;2011;NA;NA;NA;NA;NA;NA;1621.739501953125;13.515200000000002;46.54809999999999
145;Pontebba ponte vecchio ss 13;C331;OD:C331;NA;NA;FVG;NA;NA;NA;NA;NA;NA;NA;NA;NA;2001;2012;696.48260498046875;13.325599999999998;46.5092
146;Pontebba;C333;OD:C333;NA;NA;FVG;NA;NA;NA;1915;2012;NA;NA;NA;NA;NA;NA;713.9146728515625;13.307499999999996;46.50609999999999
147;Pontebba ponte per studena alta;C335;OD:C335;NA;NA;FVG;NA;NA;NA;NA;NA;NA;NA;NA;NA;2004;2012;716.3634033203125;13.299999999999999;46.51049999999999
148;Strada per pramollo;C336;OD:C336;NA;NA;FVG;NA;NA;NA;2002;2012;NA;NA;NA;NA;NA;NA;1103.3721923828125;13.3035;46.529900000000005
149;Passo pramollo valico;C338;OD:C338;NA;NA;FVG;NA;NA;NA;2009;2011;NA;NA;NA;NA;NA;NA;1527.90283203125;13.275;46.55970000000001
151;Chiout;C362;OD:C362;NA;NA;FVG;NA;NA;NA;2002;2012;NA;NA;NA;NA;NA;NA;792.772216796875;13.371800000000002;46.452200000000005
152;Dogna;C400;OD:C400;NA;NA;FVG;NA;2005;2012;NA;NA;NA;NA;NA;NA;1929;2012;670.62054443359375;13.3126;46.44250000000001
153;Chiusaforte;C402;OD:C402;NA;NA;FVG;NA;NA;NA;1915;2005;NA;NA;NA;NA;NA;NA;529.56231689453125;13.313599999999997;46.40759999999999
154;Saletto di raccolana;C410;OD:C410;NA;NA;FVG;NA;NA;NA;1919;2011;NA;NA;NA;NA;NA;NA;654.51287841796875;13.375699999999998;46.4027
155;Raccolana;C411;OD:C411;NA;NA;FVG;NA;NA;NA;2002;2012;NA;NA;NA;NA;NA;NA;529.56231689453125;13.317500000000003;46.4046
156;Livinal lunc;C412;OD:C412;NA;NA;FVG;NA;NA;NA;2007;2011;NA;NA;NA;NA;NA;NA;1805.7515869140625;13.4722;46.3758
157;Coritis;C420;OD:C420;NA;NA;FVG;NA;NA;NA;1925;2012;NA;NA;NA;NA;NA;NA;712.24896240234375;13.3926;46.34799999999999
158;Stolvizza;C421;OD:C421;NA;NA;FVG;NA;NA;NA;1927;2012;NA;NA;NA;NA;NA;NA;584.2904052734375;13.351699999999997;46.363499999999995
159;Oseacco;C422;OD:C422;NA;NA;FVG;NA;NA;NA;1927;2000;1933;2000;NA;NA;NA;NA;524.105224609375;13.311500000000002;46.36280000000001
160;Resia prato;C423;OD:C423;NA;NA;FVG;NA;NA;NA;1920;2012;1967;2011;NA;NA;NA;NA;626.32586669921875;13.2957;46.375899999999994
161;Borgo povici;C425;OD:C425;NA;NA;FVG;NA;NA;NA;2002;2012;2001;2011;NA;NA;NA;NA;361.42498779296875;13.2215;46.3887
162;Bevorchians;C440;OD:C440;NA;NA;FVG;NA;NA;NA;2004;2012;2004;2011;NA;NA;NA;NA;767.47296142578125;13.1891;46.485899999999994
163;Grauzaria;C442;OD:C442;NA;NA;FVG;NA;NA;NA;1971;2011;NA;NA;NA;NA;NA;NA;607.89410400390625;13.1844;46.45109999999999
164;Pradis;C444;OD:C444;NA;NA;FVG;NA;NA;NA;NA;NA;NA;NA;NA;NA;2005;2012;445.3192443847656;13.201300000000002;46.423
165;Bivacco bianchi;C445;OD:C445;NA;NA;FVG;NA;NA;NA;2010;2011;2010;2011;NA;NA;NA;NA;1352.853759765625;13.2487;46.456100000000006
166;Diga in alba;C462;OD:C462;NA;NA;FVG;NA;NA;NA;1939;1970;NA;NA;NA;NA;NA;NA;788.59490966796875;13.215799999999998;46.4344
167;Moggio udinese;C463;OD:C463;NA;NA;FVG;NA;NA;NA;1932;2005;1993;2005;NA;NA;NA;NA;383.713134765625;13.200299999999999;46.40879999999999
168;Moggio udinese ponte sul fella;C464;OD:C464;NA;NA;FVG;NA;NA;NA;2002;2012;2000;2011;NA;NA;NA;NA;383.4575500488281;13.1861;46.40009999999999
169;Malga cjariguart;C467;OD:C467;NA;NA;FVG;NA;NA;NA;2007;2011;2007;2011;NA;NA;NA;NA;1567.4146728515625;13.1849;46.359100000000005
170;Pioverno;C500;OD:C500;NA;NA;FVG;NA;2003;2012;NA;NA;NA;NA;NA;NA;1931;2012;265.94818115234375;13.135999999999997;46.34169999999999
171;Venzone;C501;OD:C501;NA;NA;FVG;NA;NA;NA;1915;2011;NA;NA;NA;NA;NA;NA;285.83502197265625;13.1428;46.33139999999999
172;Venzone ponte per pioverno;C503;OD:C503;NA;NA;FVG;NA;NA;NA;NA;NA;NA;NA;NA;NA;1992;2012;239.41578674316406;13.1341;46.3355
173;Gemona casa di riposo;C508;OD:C508;NA;NA;FVG;NA;NA;NA;2002;2012;2000;2011;NA;NA;NA;NA;251.9317626953125;13.1412;46.278800000000004
174;Gemona canciane;C509;OD:C509;NA;NA;FVG;NA;NA;NA;1922;2012;1938;2011;NA;NA;NA;NA;189.93775939941406;13.1363;46.26559999999999
175;Venzone spalla ponte pioverno;C512;OD:C512;NA;NA;FVG;NA;NA;NA;NA;NA;NA;NA;NA;NA;1912;1964;239.41578674316406;13.1341;46.3354
176;Ponte di braulins sponda destra;C513;OD:C513;NA;NA;FVG;NA;NA;NA;NA;NA;NA;NA;NA;NA;2008;2012;195.4087677001953;13.093600000000002;46.2827
177;Alesso;C551;OD:C551;NA;NA;FVG;NA;NA;NA;1917;2012;1997;2011;NA;NA;NA;NA;254.41456604003906;13.055599999999998;46.30919999999999
178;Osoppo;C553;OD:C553;NA;NA;FVG;NA;NA;NA;2002;2012;2000;2011;NA;NA;NA;NA;168.62107849121094;13.071099999999998;46.23649999999999
179;Artegna;C554;OD:C554;NA;NA;FVG;NA;NA;NA;1971;2008;NA;NA;NA;NA;NA;NA;198.69320678710938;13.154200000000001;46.233700000000006
180;Magnano in riviera;C555;OD:C555;NA;NA;FVG;NA;NA;NA;2003;2012;NA;NA;NA;NA;NA;NA;198.69320678710938;13.1616;46.22839999999999
181;Andreuzza;C556;OD:C556;NA;NA;FVG;NA;NA;NA;1923;2012;NA;NA;NA;NA;NA;NA;160.34323120117188;13.085999999999999;46.203799999999994
182;San francesco;C600;OD:C600;NA;NA;FVG;NA;NA;NA;1917;2012;2003;2011;NA;NA;NA;NA;474.9407958984375;12.936499999999999;46.312599999999996
183;San francesco ponte;C601;OD:C601;NA;NA;FVG;NA;NA;NA;NA;NA;NA;NA;NA;NA;2000;2012;474.9407958984375;12.934;46.313399999999994
184;Flagogna ponte armistizio;C602;OD:C602;NA;NA;FVG;NA;NA;NA;NA;NA;NA;NA;NA;NA;1942;2012;207.7828826904297;12.956;46.211499999999994
186;Pinzano;C620;OD:C620;NA;NA;FVG;NA;NA;NA;1920;2012;1969;2011;2008;2011;NA;NA;149.7477569580078;12.9492;46.1792
187;Villuzza;C621;OD:C621;NA;NA;FVG;NA;NA;NA;NA;NA;NA;NA;NA;NA;1981;2012;194.49880981445312;12.9566;46.1815
188;Clauzetto;C640;OD:C640;NA;NA;FVG;NA;NA;NA;1917;2012;2005;2011;2005;2011;NA;NA;580.92431640625;12.9178;46.229899999999986
189;Travesio ponte latteria;C641;OD:C641;NA;NA;FVG;NA;NA;NA;NA;NA;NA;NA;NA;NA;1999;2012;243.63124084472656;12.8713;46.19650000000001
190;Travesio;C642;OD:C642;NA;NA;FVG;NA;NA;NA;1939;2011;NA;NA;NA;NA;NA;NA;243.63124084472656;12.872199999999998;46.19890000000001
191;Vacile;C643;OD:C643;NA;NA;FVG;NA;NA;NA;1990;2012;2000;2011;2000;2011;NA;NA;154.6710205078125;12.887800000000002;46.144
192;Baseglia;C660;OD:C660;NA;NA;FVG;NA;NA;NA;2004;2012;NA;NA;NA;NA;NA;NA;129.8436279296875;12.9014;46.1275
193;Barbeano;C661;OD:C661;NA;NA;FVG;NA;NA;NA;1958;2003;NA;NA;NA;NA;NA;NA;113.07208251953125;12.8498;46.0846
194;Istrago;C662;OD:C662;NA;NA;FVG;NA;NA;NA;1920;2004;NA;NA;NA;NA;NA;NA;129.85023498535156;12.880500000000001;46.11930000000001
195;Ponte di dignano;C664;OD:C664;NA;NA;FVG;NA;NA;NA;NA;NA;NA;NA;NA;NA;2008;2012;93.24906158447266;12.9277;46.0854
196;Spilimbergo la favorita;C665;OD:C665;NA;NA;FVG;NA;NA;NA;2009;2012;2009;2011;2009;2011;NA;NA;121.96224212646484;12.8825;46.1086
197;Ponte della delizia casello c.b.c.m.;C700;OD:C700;NA;NA;FVG;NA;NA;NA;1917;2005;NA;NA;NA;NA;NA;NA;46.997962951660156;12.892199999999999;45.9733
198;Ponte della delizia;C701;OD:C701;NA;NA;FVG;NA;NA;NA;2002;2012;NA;NA;NA;NA;NA;NA;43.79997634887695;12.9003;45.965199999999996
199;Varmo casello idraulico c.b.b.f.;C702;OD:C702;NA;NA;FVG;NA;NA;NA;1917;2012;NA;NA;NA;NA;NA;NA;13.007050514221191;12.9805;45.8792
200;Madrisio ponte sul tagliamento;C703;OD:C703;NA;NA;FVG;NA;NA;NA;NA;NA;NA;NA;NA;NA;2000;2012;11.814027786254883;12.9747;45.86079999999998
201;Latisana;C800;OD:C800;NA;NA;FVG;NA;NA;NA;2009;2012;2009;2011;2009;2011;NA;NA;5.5133056640625;12.9969;45.77279999999999
202;Latisana scala;C801;OD:C801;NA;NA;FVG;NA;NA;NA;NA;NA;NA;NA;NA;NA;1914;1990;5.5133056640625;12.995799999999997;45.7727
203;Bevazzana casello litoranea veneta;C803;OD:C803;NA;NA;FVG;NA;NA;NA;1926;1952;NA;NA;NA;NA;NA;NA;0.16124072670936584;13.069;45.672000000000004
205;Casali grinta;C805;OD:C805;NA;NA;FVG;NA;NA;NA;NA;NA;NA;NA;NA;NA;1980;1983;6.3910627365112305;13.0094;45.8421
206;San martino al tagliamento;D001;OD:D001;NA;NA;FVG;NA;NA;NA;1937;2011;NA;NA;NA;NA;NA;NA;69.169464111328125;12.859699999999998;46.0295
207;Arzenutto;D002;OD:D002;NA;NA;FVG;NA;NA;NA;1991;2011;2000;2011;2000;2011;NA;NA;63.39314270019531;12.870599999999998;46.01659999999999
208;San vito al tagliamento ospedale;D003;OD:D003;NA;NA;FVG;NA;NA;NA;1921;2008;NA;NA;NA;NA;NA;NA;27.80974006652832;12.8542;45.9123
209;San vito al tagliamento cimitero;D004;OD:D004;NA;NA;FVG;NA;NA;NA;2005;2012;2005;2011;2005;2011;NA;NA;32.09159469604492;12.8693;45.92549999999999
210;Stalis;D005;OD:D005;NA;NA;FVG;NA;2007;2012;NA;NA;NA;NA;NA;NA;1995;2012;10.510129928588867;12.862;45.850899999999996
211;Sesto al reghena;D100;OD:D100;NA;NA;FVG;NA;NA;NA;1947;2005;1950;2005;1950;2005;NA;NA;10.6888427734375;12.8162;45.8475
212;Mure;D101;OD:D101;NA;NA;FVG;NA;NA;NA;1990;2012;2000;2011;2000;2011;NA;NA;8.119863510131836;12.8052;45.8402
214;Zuiano;D300;OD:D300;NA;NA;FVG;NA;NA;NA;1990;2012;2005;2011;2005;2011;NA;NA;11.029081344604492;12.713200000000002;45.87400000000001
215;Panigai;D301;OD:D301;NA;NA;FVG;NA;NA;NA;NA;NA;NA;NA;NA;NA;1991;2012;5.501400470733643;12.6756;45.82950000000001
216;Azzano decimo;D302;OD:D302;NA;NA;FVG;NA;NA;NA;1919;2000;NA;NA;NA;NA;NA;NA;13.677153587341309;12.7137;45.883
217;Pescincanna;D400;OD:D400;NA;NA;FVG;NA;NA;NA;NA;NA;NA;NA;NA;NA;1972;2012;21.79218864440918;12.749300000000002;45.9427
218;Squarzare';D401;OD:D401;NA;NA;FVG;NA;NA;NA;2009;2012;NA;NA;NA;NA;NA;NA;9.371118545532227;12.6177;45.84389999999999
219;Biauzzo;E001;OD:E001;NA;NA;FVG;NA;NA;NA;NA;NA;NA;NA;NA;NA;1980;1982;44.248985290527344;12.941799999999999;45.9668
220;Codroipo centro;E002;OD:E002;NA;NA;FVG;NA;NA;NA;NA;NA;NA;NA;NA;NA;1980;1982;37.96499252319336;12.978799999999998;45.96309999999998
221;Campomolle;E003;OD:E003;NA;NA;FVG;NA;NA;NA;NA;NA;NA;NA;NA;NA;1980;1983;7.805864334106445;13.0273;45.84850000000001
222;Teor;E004;OD:E004;NA;NA;FVG;NA;NA;NA;NA;NA;NA;NA;NA;NA;1980;1983;7.206847667694092;13.0466;45.851
223;Flambruzzo;E005;OD:E005;NA;NA;FVG;NA;NA;NA;NA;NA;NA;NA;NA;NA;1933;1982;11.445226669311523;13.067;45.884
224;Flambruzzo villa badoglio;E006;OD:E006;NA;NA;FVG;NA;NA;NA;NA;NA;NA;NA;NA;NA;1953;1962;11.445226669311523;13.069699999999997;45.88449999999999
225;Case zoncolan;E007;OD:E007;NA;NA;FVG;NA;NA;NA;NA;NA;NA;NA;NA;NA;1930;1982;10.054102897644043;13.0831;45.8779
226;Ariis;E008;OD:E008;NA;NA;FVG;NA;NA;NA;NA;NA;NA;NA;NA;NA;1930;1982;10.054102897644043;13.0881;45.872499999999995
227;Ariis cimitero;E009;OD:E009;NA;NA;FVG;NA;NA;NA;NA;NA;NA;NA;NA;NA;1980;1982;9.479960441589355;13.094600000000002;45.8699
228;Ariis parco;E010;OD:E010;NA;NA;FVG;NA;2005;2012;NA;NA;NA;NA;NA;NA;1966;2012;10.054102897644043;13.083900000000002;45.87200000000001
229;Ariis centro e.t.p.;E011;OD:E011;NA;NA;FVG;NA;NA;NA;1925;2012;NA;NA;NA;NA;NA;NA;10.054102897644043;13.0835;45.8718
230;Casali sacile;E012;OD:E012;NA;NA;FVG;NA;NA;NA;NA;NA;NA;NA;NA;NA;1929;1965;7.9696431159973145;13.0818;45.863299999999995
231;Casali petazzo;E013;OD:E013;NA;NA;FVG;NA;NA;NA;NA;NA;NA;NA;NA;NA;1929;1982;7.9478759765625;13.1051;45.868199999999995
232;Pocenia;E014;OD:E014;NA;NA;FVG;NA;NA;NA;NA;NA;NA;NA;NA;NA;1980;2012;5.05306339263916;13.085999999999999;45.83639999999999
233;Case trevisan;E015;OD:E015;NA;NA;FVG;NA;NA;NA;NA;NA;NA;NA;NA;NA;1980;1981;2.4833574295043945;13.102;45.8136
234;Casali gambellini;E016;OD:E016;NA;NA;FVG;NA;NA;NA;NA;NA;NA;NA;NA;NA;1930;1963;5.7831902503967285;13.094299999999999;45.8462
235;Latisana crosere;E019;OD:E019;NA;NA;FVG;NA;NA;NA;1920;2012;NA;NA;NA;NA;NA;NA;1.522046685218811;13.0221;45.7865
236;Rivarotta;E020;OD:E020;NA;NA;FVG;NA;NA;NA;1926;2002;NA;NA;NA;NA;NA;NA;2.0823349952697754;13.080999999999998;45.81929999999999
237;Precenicco;E021;OD:E021;NA;NA;FVG;NA;NA;NA;1969;1983;NA;NA;NA;NA;NA;NA;1;13.0765;45.7873
238;Pocenia zona industriale;E024;OD:E024;NA;NA;FVG;NA;NA;NA;2007;2012;2007;2011;2007;2011;NA;NA;5.951496601104736;13.113199999999999;45.8332
239;Palazzolo dello stella;E025;OD:E025;NA;NA;FVG;NA;NA;NA;NA;NA;NA;NA;NA;NA;2008;2012;1.3652523756027222;13.074299999999997;45.80329999999999
240;Casa di guardia;E033;OD:E033;NA;NA;FVG;NA;NA;NA;NA;NA;NA;NA;NA;NA;2009;2012;17.048948287963867;13.085900000000002;45.9041
241;San daniele del friuli;E200;OD:E200;NA;NA;FVG;NA;NA;NA;1917;2012;2005;2011;2005;2011;NA;NA;201.00848388671875;13.014;46.15689999999998
242;San mauro;E201;OD:E201;NA;NA;FVG;NA;NA;NA;1981;2012;2007;2011;2007;2011;NA;NA;166.37451171875;13.0265;46.1469
243;Codroipo;E202;OD:E202;NA;NA;FVG;NA;NA;NA;1919;2012;NA;NA;NA;NA;NA;NA;42.48942565917969;12.9873;45.967000000000006
244;Zompicchia;E203;OD:E203;NA;NA;FVG;NA;NA;NA;NA;NA;NA;NA;NA;NA;1980;1993;42.523799896240234;13.0016;45.9648
245;Goricizza caserme;E206;OD:E206;NA;NA;FVG;NA;NA;NA;1968;1981;NA;NA;NA;NA;NA;NA;41.91107940673828;12.9761;45.96970000000001
246;Coseano;E207;OD:E207;NA;NA;FVG;NA;NA;NA;NA;NA;NA;NA;NA;NA;2008;2012;112.73396301269531;13.0262;46.08509999999999
247;Codroipo ponte sp. 65;E208;OD:E208;NA;NA;FVG;NA;NA;NA;NA;NA;NA;NA;NA;NA;2008;2012;37.40613555908203;12.9926;45.95660000000001
248;Molino vecchio;E400;OD:E400;NA;NA;FVG;NA;NA;NA;NA;NA;NA;NA;NA;NA;1980;1982;11.674541473388672;13.051100000000002;45.8814
249;Sivigliano;E401;OD:E401;NA;NA;FVG;NA;NA;NA;NA;NA;NA;NA;NA;NA;1980;1982;11.674541473388672;13.053399999999998;45.881999999999984
250;Turrida;E500;OD:E500;NA;NA;FVG;NA;NA;NA;1968;2012;NA;NA;NA;NA;NA;NA;73.52359771728516;12.9385;46.026199999999996
251;Flaibano;E501;OD:E501;NA;NA;FVG;NA;NA;NA;1968;2012;2010;2011;2010;2011;NA;NA;91.2201919555664;12.981699999999998;46.0476
252;Lestizza;E502;OD:E502;NA;NA;FVG;NA;NA;NA;1992;2012;2000;2011;2000;2011;NA;NA;38.815711975097656;13.135300000000003;45.9512
253;Villacaccia;E503;OD:E503;NA;NA;FVG;NA;NA;NA;1968;2000;NA;NA;NA;NA;NA;NA;46.654701232910156;13.0708;45.972300000000004
254;Villaorba;E504;OD:E504;NA;NA;FVG;NA;NA;NA;1977;1992;NA;NA;NA;NA;NA;NA;67.18202209472656;13.068599999999998;46.01049999999999
255;San lorenzo di sedegliano;E505;OD:E505;NA;NA;FVG;NA;NA;NA;1923;1981;NA;NA;NA;NA;NA;NA;63.10237121582031;12.9991;46.001099999999994
256;Rivolto;E507;OD:E507;NA;NA;FVG;NA;NA;NA;1939;2012;1990;2011;1990;2011;NA;NA;37.384830474853516;13.0213;45.9544
257;Talmassons;E509;OD:E509;NA;NA;FVG;NA;NA;NA;1925;2012;1969;2011;NA;NA;NA;NA;25.050640106201172;13.1159;45.928700000000006
258;Fagagna poliambulatorio;E512;OD:E512;NA;NA;FVG;NA;NA;NA;2006;2012;2006;2011;NA;NA;NA;NA;195.93162536621094;13.098;46.11429999999999
259;Pantianicco;E513;OD:E513;NA;NA;FVG;NA;NA;NA;2007;2012;2007;2011;NA;NA;NA;NA;69.67994689941406;13.0393;46.014199999999995
260;Colloredo di prato;E514;OD:E514;NA;NA;FVG;NA;NA;NA;2009;2012;2009;2011;NA;NA;NA;NA;103.91793823242188;13.1396;46.0572
261;Casello f.s.;F001;OD:F001;NA;NA;FVG;NA;NA;NA;NA;NA;NA;NA;NA;NA;1980;1982;2.4833574295043945;13.1036;45.80929999999999
262;Casa longo;F003;OD:F003;NA;NA;FVG;NA;NA;NA;NA;NA;NA;NA;NA;NA;2009;2012;2.4833574295043945;13.104600000000001;45.80839999999999
263;Zeglianutto;G001;OD:G001;NA;NA;FVG;NA;NA;NA;2003;2011;NA;NA;NA;NA;NA;NA;216.46371459960938;13.1535;46.196099999999994
264;Collalto borgo di sotto;G002;OD:G002;NA;NA;FVG;NA;NA;NA;2003;2012;NA;NA;NA;NA;NA;NA;210.4383087158203;13.203400000000002;46.19220000000001
265;Colloredo di monte albano;G003;OD:G003;NA;NA;FVG;NA;NA;NA;1974;2012;NA;NA;NA;NA;NA;NA;178.78968811035156;13.145799999999998;46.166799999999995
266;Alnicco;G004;OD:G004;NA;NA;FVG;NA;NA;NA;2003;2012;NA;NA;NA;NA;NA;NA;169.3649139404297;13.1658;46.117799999999995
267;Castellerio;G005;OD:G005;NA;NA;FVG;NA;NA;NA;1986;2012;1986;2012;NA;NA;NA;NA;153.6357421875;13.1875;46.119699999999995
268;Pagnacco;G006;OD:G006;NA;NA;FVG;NA;NA;NA;NA;NA;NA;NA;NA;NA;2003;2012;139.8948516845703;13.1964;46.1141
269;Moruzzo;G007;OD:G007;NA;NA;FVG;NA;NA;NA;1923;1996;1933;1996;NA;NA;NA;NA;206.84463500976562;13.126900000000001;46.11780000000001
270;Colugna;G008;OD:G008;NA;NA;FVG;NA;NA;NA;NA;NA;NA;NA;NA;NA;2003;2012;124.73239135742188;13.1925;46.0927
271;Rizzi;G009;OD:G009;NA;NA;FVG;NA;NA;NA;1968;2010;NA;NA;NA;NA;NA;NA;117.85282897949219;13.198899999999998;46.08789999999999
272;Udine castello;G010;OD:G010;NA;NA;FVG;NA;NA;NA;1915;2012;1941;2011;NA;NA;NA;NA;114.83202362060547;13.2367;46.06489999999999
273;Pasian di prato;G011;OD:G011;NA;NA;FVG;NA;NA;NA;1983;2003;1983;2003;NA;NA;NA;NA;101.91656494140625;13.179699999999999;46.052299999999995
274;Tavagnacco;G012;OD:G012;NA;NA;FVG;NA;NA;NA;1917;1963;NA;NA;NA;NA;NA;NA;154.57325744628906;13.2153;46.1266
275;Basaldella di campoformido;G013;OD:G013;NA;NA;FVG;NA;NA;NA;NA;NA;NA;NA;NA;NA;2008;2012;85.4479751586914;13.2079;46.02810000000001
276;Pozzuolo del friuli;G050;OD:G050;NA;NA;FVG;NA;NA;NA;1920;1979;NA;NA;NA;NA;NA;NA;64.30040740966797;13.195;45.98830000000001
277;Mortegliano;G051;OD:G051;NA;NA;FVG;NA;NA;NA;1968;2011;NA;NA;NA;NA;NA;NA;42.066070556640625;13.1797;45.9474
278;Castions di strada;G052;OD:G052;NA;NA;FVG;NA;NA;NA;1917;2011;NA;NA;NA;NA;NA;NA;20.14171028137207;13.1941;45.9052
279;Cormor paradiso;G053;OD:G053;NA;NA;FVG;NA;NA;NA;1920;2001;NA;NA;NA;NA;NA;NA;11.960711479187012;13.1588;45.87969999999999
280;Sant'andrat del cormor;G054;OD:G054;NA;NA;FVG;NA;NA;NA;2007;2012;2007;2011;NA;NA;NA;NA;22.43624496459961;13.162000000000003;45.9144
281;Zavattina;G100;OD:G100;NA;NA;FVG;NA;NA;NA;2005;2012;NA;NA;NA;NA;NA;NA;6.220213413238525;13.1599;45.8336
282;Muzzana del turgnano ponte ss 14;G101;OD:G101;NA;NA;FVG;NA;NA;NA;NA;NA;NA;NA;NA;NA;1980;2012;3.7311344146728516;13.1296;45.81839999999999
283;Ponte ss 252 km 13;G102;OD:G102;NA;NA;FVG;NA;NA;NA;NA;NA;NA;NA;NA;NA;1980;1981;26.271743774414062;13.1655;45.92669999999999
284;Ponte ss 252 km 14;G103;OD:G103;NA;NA;FVG;NA;NA;NA;NA;NA;NA;NA;NA;NA;1980;1982;26.311248779296875;13.182499999999997;45.9223
285;Tricesimo;G200;OD:G200;NA;NA;FVG;NA;NA;NA;2003;2012;NA;NA;NA;NA;NA;NA;175.9977569580078;13.213899999999999;46.1514
286;Adegliacco;G201;OD:G201;NA;NA;FVG;NA;NA;NA;2003;2012;NA;NA;NA;NA;NA;NA;136.69041442871094;13.2287;46.11529999999999
287;Feletto umberto;G202;OD:G202;NA;NA;FVG;NA;NA;NA;NA;NA;NA;NA;NA;NA;2003;2009;130.2279510498047;13.228099999999998;46.09989999999999
288;Zellina;H001;OD:H001;NA;NA;FVG;NA;NA;NA;NA;NA;NA;NA;NA;NA;1980;1982;5.650354385375977;13.172499999999998;45.82999999999999
289;Zellina ponte ferrovia;H002;OD:H002;NA;NA;FVG;NA;NA;NA;NA;NA;NA;NA;NA;NA;2009;2012;5.650354385375977;13.1739;45.8271
290;Fauglis;J001;OD:J001;NA;NA;FVG;NA;NA;NA;1932;2003;NA;NA;NA;NA;NA;NA;17.458444595336914;13.2648;45.8888
291;Chiarisacco;J002;OD:J002;NA;NA;FVG;NA;NA;NA;NA;NA;NA;NA;NA;NA;1980;2012;4.510447978973389;13.217199999999998;45.8385
292;San giorgio di nogaro;J003;OD:J003;NA;NA;FVG;NA;NA;NA;1915;2012;NA;NA;NA;NA;NA;NA;5.442806243896484;13.2097;45.839
293;San giorgio di nogaro cimitero;J004;OD:J004;NA;NA;FVG;NA;NA;NA;NA;NA;NA;NA;NA;NA;1980;1982;4.7517523765563965;13.2071;45.83549999999999
294;Planais;J005;OD:J005;NA;NA;FVG;NA;NA;NA;1922;2011;NA;NA;NA;NA;NA;NA;-0.07753685861825943;13.2426;45.77290000000001
295;Sevegliano;J200;OD:J200;NA;NA;FVG;NA;NA;NA;NA;NA;NA;NA;NA;NA;1980;1982;16.583078384399414;13.2979;45.886500000000005
296;Torviscosa case savoiano;J201;OD:J201;NA;NA;FVG;NA;NA;NA;NA;NA;NA;NA;NA;NA;1980;1982;1.6187635660171509;13.2451;45.8273
297;Torviscosa molino;J202;OD:J202;NA;NA;FVG;NA;NA;NA;NA;NA;NA;NA;NA;NA;1980;2007;3.627873420715332;13.2805;45.8286
298;Torviscosa ponte ferrovia;J203;OD:J203;NA;NA;FVG;NA;NA;NA;NA;NA;NA;NA;NA;NA;1980;1982;2.5879039764404297;13.2903;45.826
299;Tre ponti;J204;OD:J204;NA;NA;FVG;NA;NA;NA;NA;NA;NA;NA;NA;NA;1980;2007;0.11979803442955017;13.305600000000002;45.826800000000006
300;Muscoli;J205;OD:J205;NA;NA;FVG;NA;NA;NA;NA;NA;NA;NA;NA;NA;1980;2007;2.1789941787719727;13.3322;45.83549999999999
301;Muscoli via san zenone;J206;OD:J206;NA;NA;FVG;NA;NA;NA;NA;NA;NA;NA;NA;NA;1981;2012;2.1789941787719727;13.340499999999999;45.8357
302;Cervignano floricoltura vrech;J207;OD:J207;NA;NA;FVG;NA;NA;NA;NA;NA;NA;NA;NA;NA;1980;2007;3.4289660453796387;13.3459;45.82389999999999
303;Castions delle mure casali fabbrica;J208;OD:J208;NA;NA;FVG;NA;NA;NA;2001;2009;NA;NA;NA;NA;NA;NA;1.4943509101867676;13.312;45.8419
304;Torviscosa;J209;OD:J209;NA;NA;FVG;NA;NA;NA;1951;2012;1942;2011;NA;NA;NA;NA;2.9870262145996094;13.275399999999996;45.8188
305;Visco;J210;OD:J210;NA;NA;FVG;NA;NA;NA;NA;NA;NA;NA;NA;NA;1980;1982;20.478994369506836;13.3462;45.8927
306;Belvat;J211;OD:J211;NA;NA;FVG;NA;NA;NA;1969;1996;NA;NA;NA;NA;NA;NA;-1.075460433959961;13.295099999999998;45.80199999999999
307;Cervignano;J212;OD:J212;NA;NA;FVG;NA;NA;NA;1917;2012;NA;NA;NA;NA;NA;NA;3.2710282802581787;13.3412;45.81629999999999
308;Risano case moschioni;J400;OD:J400;NA;NA;FVG;NA;NA;NA;1968;2011;NA;NA;NA;NA;NA;NA;62.54551315307617;13.2514;45.98469999999999
309;Gris cuccana;J401;OD:J401;NA;NA;FVG;NA;NA;NA;1968;1999;NA;NA;NA;NA;NA;NA;37.09934997558594;13.2343;45.9366
310;Palmanova;J402;OD:J402;NA;NA;FVG;NA;NA;NA;1917;2005;NA;NA;NA;NA;NA;NA;26.880163192749023;13.2997;45.91250000000001
311;Trivignano udinese;J403;OD:J403;NA;NA;FVG;NA;NA;NA;1988;2011;1997;2011;NA;NA;NA;NA;41.905914306640625;13.339999999999998;45.94899999999999
312;Lauzacco;J404;OD:J404;NA;NA;FVG;NA;NA;NA;1923;1963;1989;1996;NA;NA;NA;NA;55.54144287109375;13.282700000000002;45.97839999999999
313;Ialmicco sede protezione civile regionale;J405;OD:J405;NA;NA;FVG;NA;NA;NA;2003;2012;2003;2011;NA;NA;NA;NA;26.88026237487793;13.3331;45.9112
314;Pavia di udine;J406;OD:J406;NA;NA;FVG;NA;NA;NA;2008;2012;2008;2011;NA;NA;NA;NA;63.512428283691406;13.296199999999999;45.99199999999999
315;Aquileia idrovora ca' padovano;K001;OD:K001;NA;NA;FVG;NA;NA;NA;1920;2012;NA;NA;NA;NA;NA;NA;-0.20078884065151215;13.353399999999999;45.74710000000001
316;Scodovacca;K002;OD:K002;NA;NA;FVG;NA;NA;NA;NA;NA;NA;NA;NA;NA;1980;1982;4.342519760131836;13.3703;45.8207
317;Borgo modena;K003;OD:K003;NA;NA;FVG;NA;NA;NA;NA;NA;NA;NA;NA;NA;1980;1982;4.265965461730957;13.3811;45.818900000000006
318;Case polzin;K005;OD:K005;NA;NA;FVG;NA;NA;NA;NA;NA;NA;NA;NA;NA;2009;2012;0.8759349584579468;13.363699999999998;45.8076
319;Malborghetto di cervignano;K006;OD:K006;NA;NA;FVG;NA;NA;NA;NA;NA;NA;NA;NA;NA;2009;2012;0;13.3652;45.805099999999996
320;Ca' viola;L001;OD:L001;NA;NA;FVG;NA;NA;NA;1969;2012;NA;NA;NA;NA;NA;NA;-1;13.415900000000002;45.74219999999999
321;Val lovato;M001;OD:M001;NA;NA;FVG;NA;NA;NA;1969;2011;NA;NA;NA;NA;NA;NA;-0.23750941455364227;13.098100000000002;45.682
322;Lignano sabbiadoro;M002;OD:M002;NA;NA;FVG;NA;NA;NA;1966;2012;1969;2011;NA;NA;NA;NA;2.3162028789520264;13.1212;45.686499999999995
323;Val pantani;M004;OD:M004;NA;NA;FVG;NA;NA;NA;1969;1981;NA;NA;NA;NA;NA;NA;0;13.0755;45.692
324;Fraida;M005;OD:M005;NA;NA;FVG;NA;NA;NA;1996;2012;NA;NA;NA;NA;NA;NA;-0.03847680613398552;13.104;45.73709999999999
325;Lame di precenicco;M006;OD:M006;NA;NA;FVG;NA;NA;NA;1930;2011;NA;NA;NA;NA;NA;NA;0;13.065400000000002;45.714800000000004
326;Marano lagunare colomba;M007;OD:M007;NA;NA;FVG;NA;NA;NA;1917;2012;NA;NA;NA;NA;NA;NA;0;13.1906;45.775400000000005
327;Ca' anfora;M050;OD:M050;NA;NA;FVG;NA;NA;NA;1922;1992;NA;NA;NA;NA;NA;NA;-2.7816812992095947;13.3142;45.76010000000001
328;Grado sede g.i.t.;M051;OD:M051;NA;NA;FVG;NA;NA;NA;1916;2006;1932;2011;NA;NA;NA;NA;0.4218692481517792;13.3947;45.6765
329;Grado molo torpediniere;M053;OD:M053;NA;NA;FVG;NA;NA;NA;2007;2012;NA;NA;NA;NA;NA;NA;0.6536489725112915;13.3835;45.683099999999996
330;Grado valle cavarera;M054;OD:M054;NA;NA;FVG;NA;NA;NA;2006;2012;NA;NA;NA;NA;NA;NA;0.6634598970413208;13.4198;45.686099999999996
331;Uccea;N001;OD:N001;NA;NA;FVG;NA;NA;NA;1925;2012;2007;2011;NA;NA;NA;NA;769.232177734375;13.400399999999998;46.30649999999998
332;Ponte piuma;N020;OD:N020;NA;NA;FVG;NA;NA;NA;NA;NA;NA;NA;NA;NA;1996;2012;75.53910827636719;13.6143;45.95620000000001
333;Gorizia teleferica ponte piuma;N021;OD:N021;NA;NA;FVG;NA;2004;2012;NA;NA;NA;NA;NA;NA;1920;1987;75.53910827636719;13.6156;45.95700000000001
334;Gorizia presa c.b.p.i.;N022;OD:N022;NA;NA;FVG;NA;NA;NA;1919;2012;1941;2011;NA;NA;NA;NA;58.9251708984375;13.595999999999998;45.9341
335;Mainizza;N023;OD:N023;NA;NA;FVG;NA;NA;NA;NA;NA;NA;NA;NA;NA;1949;1992;36.78827667236328;13.558899999999998;45.90639999999999
336;Farra d'isonzo m. fortin;N024;OD:N024;NA;NA;FVG;NA;NA;NA;1994;2012;NA;NA;NA;NA;NA;NA;51.71792984008789;13.534399999999998;45.9083
337;Gradisca d'isonzo;N026;OD:N026;NA;NA;FVG;NA;NA;NA;1919;1991;NA;NA;NA;NA;NA;NA;28.20496368408203;13.4971;45.884499999999996
338;Gradisca d'isonzo ponte pedonale;N027;OD:N027;NA;NA;FVG;NA;NA;NA;NA;NA;NA;NA;NA;NA;1995;2012;41.525821685791016;13.505199999999999;45.8857
339;Gradisca d'isonzo casello idraulico;N028;OD:N028;NA;NA;FVG;NA;NA;NA;NA;NA;NA;NA;NA;NA;1956;2005;28.20496368408203;13.500099999999998;45.88269999999999
340;Sagrado ponte ss 305;N029;OD:N029;NA;NA;FVG;NA;2009;2012;NA;NA;NA;NA;NA;NA;1998;2000;23.534893035888672;13.485;45.87859999999999
341;Ruda cimitero;N030;OD:N030;NA;NA;FVG;NA;NA;NA;2009;2012;2009;2011;NA;NA;NA;NA;8.37320327758789;13.403999999999998;45.831999999999994
342;Gorizia via san gabriele;N031;OD:N031;NA;NA;FVG;NA;NA;NA;NA;NA;NA;NA;NA;NA;2010;2012;92.249725341796875;13.6338;45.9529
343;Turriaco;N040;OD:N040;NA;NA;FVG;NA;NA;NA;NA;NA;NA;NA;NA;NA;1981;2012;6.438595294952393;13.4301;45.816399999999994
344;Pieris ponte ss 14;N041;OD:N041;NA;NA;FVG;NA;NA;NA;NA;NA;NA;NA;NA;NA;1926;2012;5.44204044342041;13.4296;45.80550000000001
345;Fiumicello;N042;OD:N042;NA;NA;FVG;NA;NA;NA;1969;2011;NA;NA;NA;NA;NA;NA;0;13.4048;45.7661
346;Isola morosini ex magazzino tabacco;N043;OD:N043;NA;NA;FVG;NA;NA;NA;1970;1989;NA;NA;NA;NA;NA;NA;0.3983982503414154;13.4402;45.76720000000001
347;Isola morosini idrovora terranova;N044;OD:N044;NA;NA;FVG;NA;NA;NA;1969;1989;NA;NA;NA;NA;NA;NA;-0.651797890663147;13.4771;45.75269999999999
348;Fossalon bonifica vittoria;N045;OD:N045;NA;NA;FVG;NA;NA;NA;1939;2012;1938;2011;NA;NA;NA;NA;-1;13.4966;45.7341
349;Villa vicentina via sant'antonio;N046;OD:N046;NA;NA;FVG;NA;NA;NA;NA;NA;NA;NA;NA;NA;1980;1982;4.834527015686035;13.400399999999998;45.8101
350;Musi localita' tanataviele;N100;OD:N100;NA;NA;FVG;NA;NA;NA;1923;1999;NA;NA;NA;NA;NA;NA;885.0191650390625;13.272;46.313199999999995
351;Musi sorgenti torre;N101;OD:N101;NA;NA;FVG;NA;NA;NA;2002;2012;2000;2011;NA;NA;NA;NA;650.94403076171875;13.272599999999999;46.307199999999995
352;Vedronza;N103;OD:N103;NA;NA;FVG;NA;NA;NA;1917;2009;1926;2009;NA;NA;NA;NA;378.7034606933594;13.256199999999998;46.261799999999994
353;Ciseriis;N104;OD:N104;NA;NA;FVG;NA;NA;NA;1917;2011;NA;NA;NA;NA;NA;NA;268.62225341796875;13.229399999999998;46.228799999999985
354;Tarcento ponte per oltretorre;N105;OD:N105;NA;NA;FVG;NA;NA;NA;2009;2012;NA;NA;NA;NA;NA;NA;251.6145782470703;13.2237;46.216899999999995
355;Gran monte rifugio alpini;N108;OD:N108;NA;NA;FVG;NA;NA;NA;2008;2011;2008;2011;NA;NA;NA;NA;1362.9864501953125;13.350799999999998;46.2905
356;Qualso ponte di nimis;N150;OD:N150;NA;NA;FVG;NA;NA;NA;NA;NA;NA;NA;NA;NA;1995;2012;204.3143768310547;13.2511;46.189099999999996
357;Zompitta presa c.b.l.t.;N151;OD:N151;NA;NA;FVG;NA;NA;NA;1917;2012;2000;2011;NA;NA;NA;NA;189.82723999023438;13.2547;46.17139999999999
358;Zompitta borgo di sotto;N153;OD:N153;NA;NA;FVG;NA;NA;NA;NA;NA;NA;NA;NA;NA;2002;2012;170.5098114013672;13.2573;46.1638
359;Cerneglons ponte;N154;OD:N154;NA;NA;FVG;NA;NA;NA;NA;NA;NA;NA;NA;NA;2005;2012;87.30888366699219;13.3107;46.0427
360;Viscone;N155;OD:N155;NA;NA;FVG;NA;NA;NA;NA;NA;NA;NA;NA;NA;2000;2012;33.00700378417969;13.378100000000002;45.924600000000005
361;Tapogliano ex ponte ss 252;N156;OD:N156;NA;NA;FVG;NA;NA;NA;NA;NA;NA;NA;NA;NA;1980;1982;20.637659072875977;13.4072;45.89269999999999
362;Villesse ponte ss 351;N157;OD:N157;NA;NA;FVG;NA;NA;NA;NA;NA;NA;NA;NA;NA;2000;2012;12.620546340942383;13.419899999999998;45.851099999999995
363;Ponte sambo;N200;OD:N200;NA;NA;FVG;NA;NA;NA;1968;2012;2009;2011;NA;NA;NA;NA;509.4757385253906;13.3293;46.267
364;Cergneu superiore;N201;OD:N201;NA;NA;FVG;NA;NA;NA;1925;2010;NA;NA;NA;NA;NA;NA;376.1402282714844;13.313399999999998;46.21479999999999
365;Molmentet;N202;OD:N202;NA;NA;FVG;NA;NA;NA;NA;NA;NA;NA;NA;NA;1995;2012;193.34390258789062;13.2664;46.189899999999994
366;Attimis borgo faris;N300;OD:N300;NA;NA;FVG;NA;NA;NA;1920;2012;1976;2012;NA;NA;NA;NA;220.558349609375;13.317899999999996;46.173099999999984
367;Subit;N301;OD:N301;NA;NA;FVG;NA;NA;NA;2002;2012;2000;2011;NA;NA;NA;NA;753.021728515625;13.351500000000001;46.20490000000001
368;Povoletto;N302;OD:N302;NA;NA;FVG;NA;NA;NA;1917;2012;2009;2011;NA;NA;NA;NA;131.51287841796875;13.309000000000001;46.122899999999994
369;Canalutto;N303;OD:N303;NA;NA;FVG;NA;NA;NA;1972;1981;NA;NA;NA;NA;NA;NA;481.1650085449219;13.4317;46.1573
370;Togliano;N304;OD:N304;NA;NA;FVG;NA;NA;NA;2003;2003;NA;NA;NA;NA;NA;NA;157.20269775390625;13.3902;46.12100000000001
371;Faedis;N305;OD:N305;NA;NA;FVG;NA;NA;NA;NA;NA;NA;NA;NA;NA;1989;2010;195.8324432373047;13.348499999999998;46.15129999999999
372;Faedis campo sportivo;N306;OD:N306;NA;NA;FVG;NA;NA;NA;NA;NA;NA;NA;NA;NA;2005;2012;195.8324432373047;13.3451;46.14820000000001
373;Torreano;N309;OD:N309;NA;NA;FVG;NA;NA;NA;NA;NA;NA;NA;NA;NA;2005;2012;182.72909545898438;13.43;46.1255
374;Selvis;N310;OD:N310;NA;NA;FVG;NA;NA;NA;NA;NA;NA;NA;NA;NA;2000;2012;98.00841522216797;13.3339;46.06929999999999
375;Cerneglons;N311;OD:N311;NA;NA;FVG;NA;NA;NA;1995;2012;NA;NA;NA;NA;NA;NA;91.393829345703125;13.318100000000001;46.0558
376;Attimis ponte ss 365;N312;OD:N312;NA;NA;FVG;NA;NA;NA;NA;NA;NA;NA;NA;NA;2006;2012;226.2286376953125;13.305799999999998;46.18829999999999
377;Orzano;N313;OD:N313;NA;NA;FVG;NA;NA;NA;2007;2012;2007;2011;NA;NA;NA;NA;100.03337860107422;13.358;46.061699999999995
378;Platischis;N400;OD:N400;NA;NA;FVG;NA;NA;NA;1919;2012;1935;2011;NA;NA;NA;NA;717.42486572265625;13.380600000000001;46.243
379;Stupizza;N401;OD:N401;NA;NA;FVG;NA;NA;NA;1975;1990;NA;NA;NA;NA;NA;NA;333.7691955566406;13.471099999999996;46.200399999999995
380;Linder;N402;OD:N402;NA;NA;FVG;NA;NA;NA;1990;2011;NA;NA;NA;NA;NA;NA;342.8849182128906;13.4773;46.181400000000004
381;Pulfero;N404;OD:N404;NA;NA;FVG;NA;NA;NA;1921;2012;2000;2011;NA;NA;NA;NA;264.1404113769531;13.483099999999999;46.17329999999999
382;Montemaggiore;N405;OD:N405;NA;NA;FVG;NA;NA;NA;1917;2012;1926;2011;NA;NA;NA;NA;807.52703857421875;13.532899999999998;46.19449999999999
383;San volfango;N406;OD:N406;NA;NA;FVG;NA;NA;NA;1917;2012;1993;2011;NA;NA;NA;NA;660.8929443359375;13.6427;46.165
384;Drenchia;N407;OD:N407;NA;NA;FVG;NA;NA;NA;1925;1996;NA;NA;NA;NA;NA;NA;626.7071533203125;13.622299999999997;46.1752
385;Clodig;N408;OD:N408;NA;NA;FVG;NA;NA;NA;1920;1996;NA;NA;NA;NA;NA;NA;396.93096923828125;13.5924;46.15569999999999
386;Azzida;N410;OD:N410;NA;NA;FVG;NA;NA;NA;2002;2012;2000;2011;NA;NA;NA;NA;176.23768615722656;13.4947;46.11829999999999
387;Tribil inferiore;N416;OD:N416;NA;NA;FVG;NA;NA;NA;2009;2012;2009;2011;NA;NA;NA;NA;573.94158935546875;13.5853;46.11930000000001
388;Malghe mersino;N417;OD:N417;NA;NA;FVG;NA;NA;NA;2011;2012;NA;NA;NA;NA;NA;NA;1343.1375732421875;13.524299999999998;46.21219999999999
389;Cividale istituto agrario;N450;OD:N450;NA;NA;FVG;NA;NA;NA;1915;2012;1935;2011;NA;NA;NA;NA;132.30323791503906;13.418200000000002;46.09669999999999
390;Cividale ponte del diavolo;N451;OD:N451;NA;NA;FVG;NA;NA;NA;NA;NA;NA;NA;NA;NA;1929;2012;132.68756103515625;13.4301;46.09129999999999
391;Manzano ponte case;N452;OD:N452;NA;NA;FVG;NA;NA;NA;2002;2012;NA;NA;NA;NA;NA;NA;65.63212585449219;13.391000000000002;45.9918
392;Manzano;N454;OD:N454;NA;NA;FVG;NA;NA;NA;1917;1990;NA;NA;NA;NA;NA;NA;75.56151580810547;13.3819;45.9973
393;Albana;N601;OD:N601;NA;NA;FVG;NA;NA;NA;2002;2012;2001;2011;NA;NA;NA;NA;134.72122192382812;13.489799999999999;46.04829999999999
394;Brazzano;N602;OD:N602;NA;NA;FVG;NA;NA;NA;2003;2012;2003;2004;NA;NA;NA;NA;70.73090362548828;13.453399999999998;45.9768
395;Cormons;N603;OD:N603;NA;NA;FVG;NA;NA;NA;1919;2011;NA;NA;NA;NA;NA;NA;79.207275390625;13.469299999999999;45.96
396;Versa ponte ss 252;N604;OD:N604;NA;NA;FVG;NA;NA;NA;NA;NA;NA;NA;NA;NA;1980;2012;22.48201560974121;13.421899999999999;45.898
397;Giasbana;N605;OD:N605;NA;NA;FVG;NA;NA;NA;1995;1995;NA;NA;NA;NA;NA;NA;154.22291564941406;13.5748;45.9678
398;Capriva localita' la baita;N606;OD:N606;NA;NA;FVG;NA;NA;NA;2002;2012;NA;NA;NA;NA;NA;NA;53.29371643066406;13.512200000000002;45.946799999999996
399;Ruzzis;N607;OD:N607;NA;NA;FVG;NA;NA;NA;NA;NA;NA;NA;NA;NA;1995;2012;62.071739196777344;13.5196;45.9538
400;La baita ponte;N608;OD:N608;NA;NA;FVG;NA;NA;NA;NA;NA;NA;NA;NA;NA;1995;2012;53.29371643066406;13.5111;45.9467
401;Fratta;N609;OD:N609;NA;NA;FVG;NA;NA;NA;NA;NA;NA;NA;NA;NA;2002;2002;23.620899200439453;13.4372;45.909
402;Mariano del friuli;N610;OD:N610;NA;NA;FVG;NA;NA;NA;NA;NA;NA;NA;NA;NA;2000;2012;31.00920295715332;13.456100000000001;45.9211
403;Versa;N611;OD:N611;NA;NA;FVG;NA;NA;NA;1972;1980;NA;NA;NA;NA;NA;NA;23.13545799255371;13.407699999999998;45.89479999999999
405;Rupa ponte ss 55;N700;OD:N700;NA;NA;FVG;NA;NA;NA;NA;NA;NA;NA;NA;NA;1980;1982;57.845272064208984;13.5875;45.88969999999999
406;Gorizia aeroporto di merna;N701;OD:N701;NA;NA;FVG;NA;NA;NA;1995;2011;NA;NA;NA;NA;NA;NA;58.04591369628906;13.596699999999998;45.9112
407;Savogna d'isonzo ponte ferrovia;N703;OD:N703;NA;NA;FVG;NA;NA;NA;NA;NA;NA;NA;NA;NA;1964;1995;46.73778533935547;13.57;45.898699999999984
408;Savogna d'isonzo ponte sp 8;N704;OD:N704;NA;NA;FVG;NA;2008;2012;NA;NA;NA;NA;NA;NA;1995;2012;46.73778533935547;13.5686;45.90049999999999
409;Monfalcone;P001;OD:P001;NA;NA;FVG;NA;NA;NA;1919;1991;NA;NA;NA;NA;NA;NA;4.997217178344727;13.5371;45.8068
410;Alberoni idrovora sacchetti;P002;OD:P002;NA;NA;FVG;NA;NA;NA;1925;2012;NA;NA;NA;NA;NA;NA;-0.009229229763150215;13.5131;45.7779
411;Monfalcone piscina comunale;P005;OD:P005;NA;NA;FVG;NA;NA;NA;2009;2012;NA;NA;NA;NA;NA;NA;0.9136075377464294;13.511499999999998;45.796499999999995
412;Doberdo' centro visite gradina;R001;OD:R001;NA;NA;FVG;NA;NA;NA;2010;2012;NA;NA;NA;NA;NA;NA;60.08134078979492;13.5472;45.842999999999996
413;San pelagio;R100;OD:R100;NA;NA;FVG;NA;NA;NA;1924;2012;NA;NA;NA;NA;NA;NA;234.58306884765625;13.686799999999998;45.765499999999996
414;Prosecco eliporto;R101;OD:R101;NA;NA;FVG;NA;NA;NA;2005;2012;NA;NA;NA;NA;NA;NA;273.6768493652344;13.7576;45.703099999999985
415;Borgo grotta gigante;R102;OD:R102;NA;NA;FVG;NA;NA;NA;1989;2012;NA;NA;NA;NA;NA;NA;274.7296447753906;13.7644;45.7094
416;Opicina;R103;OD:R103;NA;NA;FVG;NA;NA;NA;1924;1989;NA;NA;NA;NA;NA;NA;331.4869384765625;13.791399999999996;45.6842
417;Basovizza;R104;OD:R104;NA;NA;FVG;NA;NA;NA;1924;1979;NA;NA;NA;NA;NA;NA;374.51531982421875;13.859799999999998;45.64159999999999
418;Barcola;S001;OD:S001;NA;NA;FVG;NA;NA;NA;1924;1962;NA;NA;NA;NA;NA;NA;78.35676574707031;13.752299999999998;45.6828
419;Trieste istituto nautico;S002;OD:S002;NA;NA;FVG;NA;NA;NA;1919;2012;NA;NA;NA;NA;NA;NA;7.493386745452881;13.764599999999998;45.6475
420;Servola;S003;OD:S003;NA;NA;FVG;NA;NA;NA;1924;1988;NA;NA;NA;NA;NA;NA;29.561124801635742;13.782900000000001;45.6269
421;Muggia;S005;OD:S005;NA;NA;FVG;NA;NA;NA;2006;2012;NA;NA;NA;NA;NA;NA;0.8371971845626831;13.7747;45.6011
422;Trieste cattinara;S006;OD:S006;NA;NA;FVG;NA;NA;NA;2007;2012;NA;NA;NA;NA;NA;NA;289.24932861328125;13.8331;45.6354
423;Francovec;T001;OD:T001;NA;NA;FVG;NA;2009;2011;NA;NA;NA;NA;NA;NA;1992;2012;14.216096878051758;13.82;45.60730000000001
424;Noghere;U003;OD:U003;NA;NA;FVG;NA;NA;NA;1955;1971;NA;NA;NA;NA;NA;NA;50.59730529785156;13.816799999999999;45.58529999999998
425;Tarvisio campo sportivo;V001;OD:V001;NA;NA;FVG;NA;NA;NA;2002;2012;NA;NA;NA;NA;NA;NA;754.337158203125;13.593799999999998;46.50449999999999
426;Tarvisio;V002;OD:V002;NA;NA;FVG;NA;NA;NA;1922;2005;NA;NA;NA;NA;NA;NA;788.60186767578125;13.570099999999998;46.506299999999996
427;Cave del predil;V003;OD:V003;NA;NA;FVG;NA;NA;NA;1923;2006;NA;NA;NA;NA;NA;NA;1045.2598876953125;13.5707;46.442299999999996
428;Valico di fusine;V005;OD:V005;NA;NA;FVG;NA;NA;NA;1970;2012;NA;NA;NA;NA;NA;NA;919.7122802734375;13.682299999999998;46.4997
429;Passo del predil ex forte;V008;OD:V008;NA;NA;FVG;NA;NA;NA;1922;2011;NA;NA;NA;NA;NA;NA;1296.0491943359375;13.5735;46.4189
430;Cave del predil ponte miniera;V010;OD:V010;NA;NA;FVG;NA;NA;NA;2008;2012;NA;NA;NA;NA;NA;NA;1045.2598876953125;13.5698;46.44109999999999
431;Malga alpe del lago;V013;OD:V013;NA;NA;FVG;NA;NA;NA;2008;2011;NA;NA;NA;NA;NA;NA;1095.5361328125;13.662;46.466699999999996
